"variable","value","L1","iteration"
"Batch",0.0571428571428571,"lasso",1
"ComBat",0.171428571428571,"lasso",1
"Avg",0.114285714285714,"lasso",1
"n_Avg",0.157142857142857,"lasso",1
"CS_Avg",0.0857142857142857,"lasso",1
"Reg_a",0.114285714285714,"lasso",1
"Reg_s",0.142857142857143,"lasso",1
"Batch",0.228571428571429,"rf",1
"ComBat",0.0857142857142857,"rf",1
"Avg",0.0857142857142857,"rf",1
"n_Avg",0.114285714285714,"rf",1
"CS_Avg",0.0714285714285714,"rf",1
"Reg_a",0.157142857142857,"rf",1
"Reg_s",0.285714285714286,"rf",1
"Batch",0.157142857142857,"svm",1
"ComBat",0.128571428571429,"svm",1
"Avg",0.0857142857142857,"svm",1
"n_Avg",0.114285714285714,"svm",1
"CS_Avg",0.0428571428571429,"svm",1
"Reg_a",0.114285714285714,"svm",1
"Reg_s",0.2,"svm",1
"Batch",0.228571428571429,"crossmod",1
"ComBat",0.0857142857142857,"crossmod",1
"Avg",0.0857142857142857,"crossmod",1
"n_Avg",0.114285714285714,"crossmod",1
"CS_Avg",0.0571428571428571,"crossmod",1
"Reg_a",0.114285714285714,"crossmod",1
"Reg_s",0.242857142857143,"crossmod",1
"Batch",0.0571428571428571,"lasso",2
"ComBat",0.1,"lasso",2
"Avg",0.0714285714285714,"lasso",2
"n_Avg",0.0714285714285714,"lasso",2
"CS_Avg",0.128571428571429,"lasso",2
"Reg_a",0.128571428571429,"lasso",2
"Reg_s",0.114285714285714,"lasso",2
"Batch",0.214285714285714,"rf",2
"ComBat",0.0428571428571429,"rf",2
"Avg",0.0428571428571429,"rf",2
"n_Avg",0.0285714285714286,"rf",2
"CS_Avg",0.114285714285714,"rf",2
"Reg_a",0.0428571428571429,"rf",2
"Reg_s",0.185714285714286,"rf",2
"Batch",0.0857142857142857,"svm",2
"ComBat",0.0285714285714286,"svm",2
"Avg",0.1,"svm",2
"n_Avg",0.0428571428571429,"svm",2
"CS_Avg",0.0857142857142857,"svm",2
"Reg_a",0.0428571428571429,"svm",2
"Reg_s",0.1,"svm",2
"Batch",0.214285714285714,"crossmod",2
"ComBat",0.0428571428571429,"crossmod",2
"Avg",0.0428571428571429,"crossmod",2
"n_Avg",0.0428571428571429,"crossmod",2
"CS_Avg",0.0714285714285714,"crossmod",2
"Reg_a",0.0428571428571429,"crossmod",2
"Reg_s",0.171428571428571,"crossmod",2
"Batch",0.114285714285714,"lasso",3
"ComBat",0.128571428571429,"lasso",3
"Avg",0.171428571428571,"lasso",3
"n_Avg",0.257142857142857,"lasso",3
"CS_Avg",0.157142857142857,"lasso",3
"Reg_a",0.171428571428571,"lasso",3
"Reg_s",0.214285714285714,"lasso",3
"Batch",0.271428571428571,"rf",3
"ComBat",0.128571428571429,"rf",3
"Avg",0.128571428571429,"rf",3
"n_Avg",0.171428571428571,"rf",3
"CS_Avg",0.114285714285714,"rf",3
"Reg_a",0.228571428571429,"rf",3
"Reg_s",0.4,"rf",3
"Batch",0.142857142857143,"svm",3
"ComBat",0.114285714285714,"svm",3
"Avg",0.114285714285714,"svm",3
"n_Avg",0.128571428571429,"svm",3
"CS_Avg",0.128571428571429,"svm",3
"Reg_a",0.128571428571429,"svm",3
"Reg_s",0.285714285714286,"svm",3
"Batch",0.271428571428571,"crossmod",3
"ComBat",0.128571428571429,"crossmod",3
"Avg",0.128571428571429,"crossmod",3
"n_Avg",0.171428571428571,"crossmod",3
"CS_Avg",0.114285714285714,"crossmod",3
"Reg_a",0.128571428571429,"crossmod",3
"Reg_s",0.357142857142857,"crossmod",3
"Batch",0.0857142857142857,"lasso",4
"ComBat",0.214285714285714,"lasso",4
"Avg",0.171428571428571,"lasso",4
"n_Avg",0.2,"lasso",4
"CS_Avg",0.128571428571429,"lasso",4
"Reg_a",0.1,"lasso",4
"Reg_s",0.142857142857143,"lasso",4
"Batch",0.171428571428571,"rf",4
"ComBat",0.0857142857142857,"rf",4
"Avg",0.114285714285714,"rf",4
"n_Avg",0.114285714285714,"rf",4
"CS_Avg",0.0857142857142857,"rf",4
"Reg_a",0.128571428571429,"rf",4
"Reg_s",0.371428571428571,"rf",4
"Batch",0.1,"svm",4
"ComBat",0.171428571428571,"svm",4
"Avg",0.0857142857142857,"svm",4
"n_Avg",0.114285714285714,"svm",4
"CS_Avg",0.0571428571428571,"svm",4
"Reg_a",0.114285714285714,"svm",4
"Reg_s",0.157142857142857,"svm",4
"Batch",0.171428571428571,"crossmod",4
"ComBat",0.0857142857142857,"crossmod",4
"Avg",0.0857142857142857,"crossmod",4
"n_Avg",0.128571428571429,"crossmod",4
"CS_Avg",0.0571428571428571,"crossmod",4
"Reg_a",0.114285714285714,"crossmod",4
"Reg_s",0.242857142857143,"crossmod",4
"Batch",0.1,"lasso",5
"ComBat",0.242857142857143,"lasso",5
"Avg",0.157142857142857,"lasso",5
"n_Avg",0.257142857142857,"lasso",5
"CS_Avg",0.157142857142857,"lasso",5
"Reg_a",0.157142857142857,"lasso",5
"Reg_s",0.185714285714286,"lasso",5
"Batch",0.271428571428571,"rf",5
"ComBat",0.1,"rf",5
"Avg",0.128571428571429,"rf",5
"n_Avg",0.157142857142857,"rf",5
"CS_Avg",0.0714285714285714,"rf",5
"Reg_a",0.185714285714286,"rf",5
"Reg_s",0.314285714285714,"rf",5
"Batch",0.2,"svm",5
"ComBat",0.214285714285714,"svm",5
"Avg",0.142857142857143,"svm",5
"n_Avg",0.171428571428571,"svm",5
"CS_Avg",0.128571428571429,"svm",5
"Reg_a",0.157142857142857,"svm",5
"Reg_s",0.271428571428571,"svm",5
"Batch",0.271428571428571,"crossmod",5
"ComBat",0.1,"crossmod",5
"Avg",0.142857142857143,"crossmod",5
"n_Avg",0.171428571428571,"crossmod",5
"CS_Avg",0.128571428571429,"crossmod",5
"Reg_a",0.157142857142857,"crossmod",5
"Reg_s",0.314285714285714,"crossmod",5
"Batch",0.128571428571429,"lasso",6
"ComBat",0.142857142857143,"lasso",6
"Avg",0.157142857142857,"lasso",6
"n_Avg",0.2,"lasso",6
"CS_Avg",0.157142857142857,"lasso",6
"Reg_a",0.128571428571429,"lasso",6
"Reg_s",0.142857142857143,"lasso",6
"Batch",0.185714285714286,"rf",6
"ComBat",0.0714285714285714,"rf",6
"Avg",0.114285714285714,"rf",6
"n_Avg",0.114285714285714,"rf",6
"CS_Avg",0.0857142857142857,"rf",6
"Reg_a",0.128571428571429,"rf",6
"Reg_s",0.242857142857143,"rf",6
"Batch",0.0857142857142857,"svm",6
"ComBat",0.142857142857143,"svm",6
"Avg",0.114285714285714,"svm",6
"n_Avg",0.128571428571429,"svm",6
"CS_Avg",0.0857142857142857,"svm",6
"Reg_a",0.128571428571429,"svm",6
"Reg_s",0.171428571428571,"svm",6
"Batch",0.185714285714286,"crossmod",6
"ComBat",0.0714285714285714,"crossmod",6
"Avg",0.114285714285714,"crossmod",6
"n_Avg",0.142857142857143,"crossmod",6
"CS_Avg",0.0428571428571429,"crossmod",6
"Reg_a",0.128571428571429,"crossmod",6
"Reg_s",0.228571428571429,"crossmod",6
"Batch",0.142857142857143,"lasso",7
"ComBat",0.142857142857143,"lasso",7
"Avg",0.128571428571429,"lasso",7
"n_Avg",0.271428571428571,"lasso",7
"CS_Avg",0.128571428571429,"lasso",7
"Reg_a",0.157142857142857,"lasso",7
"Reg_s",0.214285714285714,"lasso",7
"Batch",0.142857142857143,"rf",7
"ComBat",0.171428571428571,"rf",7
"Avg",0.157142857142857,"rf",7
"n_Avg",0.171428571428571,"rf",7
"CS_Avg",0.128571428571429,"rf",7
"Reg_a",0.214285714285714,"rf",7
"Reg_s",0.414285714285714,"rf",7
"Batch",0.128571428571429,"svm",7
"ComBat",0.171428571428571,"svm",7
"Avg",0.128571428571429,"svm",7
"n_Avg",0.171428571428571,"svm",7
"CS_Avg",0.142857142857143,"svm",7
"Reg_a",0.171428571428571,"svm",7
"Reg_s",0.285714285714286,"svm",7
"Batch",0.142857142857143,"crossmod",7
"ComBat",0.171428571428571,"crossmod",7
"Avg",0.128571428571429,"crossmod",7
"n_Avg",0.171428571428571,"crossmod",7
"CS_Avg",0.1,"crossmod",7
"Reg_a",0.171428571428571,"crossmod",7
"Reg_s",0.342857142857143,"crossmod",7
"Batch",0.128571428571429,"lasso",8
"ComBat",0.157142857142857,"lasso",8
"Avg",0.214285714285714,"lasso",8
"n_Avg",0.271428571428571,"lasso",8
"CS_Avg",0.185714285714286,"lasso",8
"Reg_a",0.185714285714286,"lasso",8
"Reg_s",0.2,"lasso",8
"Batch",0.2,"rf",8
"ComBat",0.128571428571429,"rf",8
"Avg",0.128571428571429,"rf",8
"n_Avg",0.2,"rf",8
"CS_Avg",0.0857142857142857,"rf",8
"Reg_a",0.2,"rf",8
"Reg_s",0.4,"rf",8
"Batch",0.171428571428571,"svm",8
"ComBat",0.157142857142857,"svm",8
"Avg",0.128571428571429,"svm",8
"n_Avg",0.157142857142857,"svm",8
"CS_Avg",0.114285714285714,"svm",8
"Reg_a",0.157142857142857,"svm",8
"Reg_s",0.3,"svm",8
"Batch",0.2,"crossmod",8
"ComBat",0.128571428571429,"crossmod",8
"Avg",0.128571428571429,"crossmod",8
"n_Avg",0.2,"crossmod",8
"CS_Avg",0.1,"crossmod",8
"Reg_a",0.157142857142857,"crossmod",8
"Reg_s",0.4,"crossmod",8
"Batch",0.128571428571429,"lasso",9
"ComBat",0.228571428571429,"lasso",9
"Avg",0.214285714285714,"lasso",9
"n_Avg",0.257142857142857,"lasso",9
"CS_Avg",0.171428571428571,"lasso",9
"Reg_a",0.171428571428571,"lasso",9
"Reg_s",0.2,"lasso",9
"Batch",0.271428571428571,"rf",9
"ComBat",0.157142857142857,"rf",9
"Avg",0.171428571428571,"rf",9
"n_Avg",0.185714285714286,"rf",9
"CS_Avg",0.171428571428571,"rf",9
"Reg_a",0.214285714285714,"rf",9
"Reg_s",0.271428571428571,"rf",9
"Batch",0.142857142857143,"svm",9
"ComBat",0.171428571428571,"svm",9
"Avg",0.157142857142857,"svm",9
"n_Avg",0.2,"svm",9
"CS_Avg",0.2,"svm",9
"Reg_a",0.2,"svm",9
"Reg_s",0.257142857142857,"svm",9
"Batch",0.271428571428571,"crossmod",9
"ComBat",0.157142857142857,"crossmod",9
"Avg",0.157142857142857,"crossmod",9
"n_Avg",0.2,"crossmod",9
"CS_Avg",0.142857142857143,"crossmod",9
"Reg_a",0.2,"crossmod",9
"Reg_s",0.3,"crossmod",9
"Batch",0.142857142857143,"lasso",10
"ComBat",0.257142857142857,"lasso",10
"Avg",0.185714285714286,"lasso",10
"n_Avg",0.228571428571429,"lasso",10
"CS_Avg",0.171428571428571,"lasso",10
"Reg_a",0.142857142857143,"lasso",10
"Reg_s",0.2,"lasso",10
"Batch",0.142857142857143,"rf",10
"ComBat",0.128571428571429,"rf",10
"Avg",0.128571428571429,"rf",10
"n_Avg",0.171428571428571,"rf",10
"CS_Avg",0.114285714285714,"rf",10
"Reg_a",0.2,"rf",10
"Reg_s",0.357142857142857,"rf",10
"Batch",0.114285714285714,"svm",10
"ComBat",0.185714285714286,"svm",10
"Avg",0.128571428571429,"svm",10
"n_Avg",0.157142857142857,"svm",10
"CS_Avg",0.157142857142857,"svm",10
"Reg_a",0.157142857142857,"svm",10
"Reg_s",0.257142857142857,"svm",10
"Batch",0.142857142857143,"crossmod",10
"ComBat",0.128571428571429,"crossmod",10
"Avg",0.128571428571429,"crossmod",10
"n_Avg",0.185714285714286,"crossmod",10
"CS_Avg",0.114285714285714,"crossmod",10
"Reg_a",0.157142857142857,"crossmod",10
"Reg_s",0.328571428571429,"crossmod",10
"Batch",0.0714285714285714,"lasso",11
"ComBat",0.157142857142857,"lasso",11
"Avg",0.171428571428571,"lasso",11
"n_Avg",0.185714285714286,"lasso",11
"CS_Avg",0.142857142857143,"lasso",11
"Reg_a",0.171428571428571,"lasso",11
"Reg_s",0.171428571428571,"lasso",11
"Batch",0.171428571428571,"rf",11
"ComBat",0.142857142857143,"rf",11
"Avg",0.1,"rf",11
"n_Avg",0.1,"rf",11
"CS_Avg",0.157142857142857,"rf",11
"Reg_a",0.128571428571429,"rf",11
"Reg_s",0.328571428571429,"rf",11
"Batch",0.1,"svm",11
"ComBat",0.128571428571429,"svm",11
"Avg",0.0857142857142857,"svm",11
"n_Avg",0.114285714285714,"svm",11
"CS_Avg",0.1,"svm",11
"Reg_a",0.114285714285714,"svm",11
"Reg_s",0.214285714285714,"svm",11
"Batch",0.171428571428571,"crossmod",11
"ComBat",0.142857142857143,"crossmod",11
"Avg",0.114285714285714,"crossmod",11
"n_Avg",0.128571428571429,"crossmod",11
"CS_Avg",0.114285714285714,"crossmod",11
"Reg_a",0.114285714285714,"crossmod",11
"Reg_s",0.285714285714286,"crossmod",11
"Batch",0.114285714285714,"lasso",12
"ComBat",0.1,"lasso",12
"Avg",0.214285714285714,"lasso",12
"n_Avg",0.171428571428571,"lasso",12
"CS_Avg",0.228571428571429,"lasso",12
"Reg_a",0.285714285714286,"lasso",12
"Reg_s",0.228571428571429,"lasso",12
"Batch",0.242857142857143,"rf",12
"ComBat",0.0857142857142857,"rf",12
"Avg",0.157142857142857,"rf",12
"n_Avg",0.128571428571429,"rf",12
"CS_Avg",0.257142857142857,"rf",12
"Reg_a",0.171428571428571,"rf",12
"Reg_s",0.228571428571429,"rf",12
"Batch",0.171428571428571,"svm",12
"ComBat",0.185714285714286,"svm",12
"Avg",0.185714285714286,"svm",12
"n_Avg",0.142857142857143,"svm",12
"CS_Avg",0.242857142857143,"svm",12
"Reg_a",0.142857142857143,"svm",12
"Reg_s",0.214285714285714,"svm",12
"Batch",0.242857142857143,"crossmod",12
"ComBat",0.0857142857142857,"crossmod",12
"Avg",0.157142857142857,"crossmod",12
"n_Avg",0.128571428571429,"crossmod",12
"CS_Avg",0.257142857142857,"crossmod",12
"Reg_a",0.171428571428571,"crossmod",12
"Reg_s",0.228571428571429,"crossmod",12
"Batch",0.0714285714285714,"lasso",13
"ComBat",0.142857142857143,"lasso",13
"Avg",0.114285714285714,"lasso",13
"n_Avg",0.157142857142857,"lasso",13
"CS_Avg",0.142857142857143,"lasso",13
"Reg_a",0.157142857142857,"lasso",13
"Reg_s",0.2,"lasso",13
"Batch",0.285714285714286,"rf",13
"ComBat",0.128571428571429,"rf",13
"Avg",0.114285714285714,"rf",13
"n_Avg",0.114285714285714,"rf",13
"CS_Avg",0.257142857142857,"rf",13
"Reg_a",0.128571428571429,"rf",13
"Reg_s",0.214285714285714,"rf",13
"Batch",0.142857142857143,"svm",13
"ComBat",0.142857142857143,"svm",13
"Avg",0.1,"svm",13
"n_Avg",0.114285714285714,"svm",13
"CS_Avg",0.171428571428571,"svm",13
"Reg_a",0.114285714285714,"svm",13
"Reg_s",0.185714285714286,"svm",13
"Batch",0.285714285714286,"crossmod",13
"ComBat",0.128571428571429,"crossmod",13
"Avg",0.114285714285714,"crossmod",13
"n_Avg",0.114285714285714,"crossmod",13
"CS_Avg",0.171428571428571,"crossmod",13
"Reg_a",0.114285714285714,"crossmod",13
"Reg_s",0.228571428571429,"crossmod",13
"Batch",0.0857142857142857,"lasso",14
"ComBat",0.228571428571429,"lasso",14
"Avg",0.214285714285714,"lasso",14
"n_Avg",0.257142857142857,"lasso",14
"CS_Avg",0.228571428571429,"lasso",14
"Reg_a",0.2,"lasso",14
"Reg_s",0.242857142857143,"lasso",14
"Batch",0.257142857142857,"rf",14
"ComBat",0.171428571428571,"rf",14
"Avg",0.171428571428571,"rf",14
"n_Avg",0.171428571428571,"rf",14
"CS_Avg",0.0714285714285714,"rf",14
"Reg_a",0.2,"rf",14
"Reg_s",0.314285714285714,"rf",14
"Batch",0.171428571428571,"svm",14
"ComBat",0.157142857142857,"svm",14
"Avg",0.157142857142857,"svm",14
"n_Avg",0.171428571428571,"svm",14
"CS_Avg",0.171428571428571,"svm",14
"Reg_a",0.171428571428571,"svm",14
"Reg_s",0.271428571428571,"svm",14
"Batch",0.257142857142857,"crossmod",14
"ComBat",0.171428571428571,"crossmod",14
"Avg",0.157142857142857,"crossmod",14
"n_Avg",0.228571428571429,"crossmod",14
"CS_Avg",0.157142857142857,"crossmod",14
"Reg_a",0.171428571428571,"crossmod",14
"Reg_s",0.385714285714286,"crossmod",14
"Batch",0.1,"lasso",15
"ComBat",0.242857142857143,"lasso",15
"Avg",0.157142857142857,"lasso",15
"n_Avg",0.157142857142857,"lasso",15
"CS_Avg",0.0857142857142857,"lasso",15
"Reg_a",0.1,"lasso",15
"Reg_s",0.128571428571429,"lasso",15
"Batch",0.157142857142857,"rf",15
"ComBat",0.0571428571428571,"rf",15
"Avg",0.0571428571428571,"rf",15
"n_Avg",0.0714285714285714,"rf",15
"CS_Avg",0.0428571428571429,"rf",15
"Reg_a",0.142857142857143,"rf",15
"Reg_s",0.342857142857143,"rf",15
"Batch",0.0714285714285714,"svm",15
"ComBat",0.114285714285714,"svm",15
"Avg",0.0571428571428571,"svm",15
"n_Avg",0.0857142857142857,"svm",15
"CS_Avg",0.0714285714285714,"svm",15
"Reg_a",0.0857142857142857,"svm",15
"Reg_s",0.171428571428571,"svm",15
"Batch",0.157142857142857,"crossmod",15
"ComBat",0.0571428571428571,"crossmod",15
"Avg",0.0571428571428571,"crossmod",15
"n_Avg",0.128571428571429,"crossmod",15
"CS_Avg",0.0428571428571429,"crossmod",15
"Reg_a",0.0857142857142857,"crossmod",15
"Reg_s",0.228571428571429,"crossmod",15
"Batch",0.128571428571429,"lasso",16
"ComBat",0.214285714285714,"lasso",16
"Avg",0.185714285714286,"lasso",16
"n_Avg",0.214285714285714,"lasso",16
"CS_Avg",0.171428571428571,"lasso",16
"Reg_a",0.185714285714286,"lasso",16
"Reg_s",0.171428571428571,"lasso",16
"Batch",0.271428571428571,"rf",16
"ComBat",0.0857142857142857,"rf",16
"Avg",0.114285714285714,"rf",16
"n_Avg",0.114285714285714,"rf",16
"CS_Avg",0.0857142857142857,"rf",16
"Reg_a",0.142857142857143,"rf",16
"Reg_s",0.328571428571429,"rf",16
"Batch",0.128571428571429,"svm",16
"ComBat",0.142857142857143,"svm",16
"Avg",0.1,"svm",16
"n_Avg",0.114285714285714,"svm",16
"CS_Avg",0.0714285714285714,"svm",16
"Reg_a",0.114285714285714,"svm",16
"Reg_s",0.214285714285714,"svm",16
"Batch",0.271428571428571,"crossmod",16
"ComBat",0.0857142857142857,"crossmod",16
"Avg",0.114285714285714,"crossmod",16
"n_Avg",0.157142857142857,"crossmod",16
"CS_Avg",0.1,"crossmod",16
"Reg_a",0.114285714285714,"crossmod",16
"Reg_s",0.285714285714286,"crossmod",16
"Batch",0.0142857142857143,"lasso",17
"ComBat",0.242857142857143,"lasso",17
"Avg",0.128571428571429,"lasso",17
"n_Avg",0.171428571428571,"lasso",17
"CS_Avg",0.0857142857142857,"lasso",17
"Reg_a",0.142857142857143,"lasso",17
"Reg_s",0.171428571428571,"lasso",17
"Batch",0.114285714285714,"rf",17
"ComBat",0.0714285714285714,"rf",17
"Avg",0.0714285714285714,"rf",17
"n_Avg",0.114285714285714,"rf",17
"CS_Avg",0.0571428571428571,"rf",17
"Reg_a",0.142857142857143,"rf",17
"Reg_s",0.357142857142857,"rf",17
"Batch",0.0857142857142857,"svm",17
"ComBat",0.142857142857143,"svm",17
"Avg",0.0857142857142857,"svm",17
"n_Avg",0.128571428571429,"svm",17
"CS_Avg",0.1,"svm",17
"Reg_a",0.128571428571429,"svm",17
"Reg_s",0.228571428571429,"svm",17
"Batch",0.114285714285714,"crossmod",17
"ComBat",0.0714285714285714,"crossmod",17
"Avg",0.0857142857142857,"crossmod",17
"n_Avg",0.114285714285714,"crossmod",17
"CS_Avg",0.0285714285714286,"crossmod",17
"Reg_a",0.114285714285714,"crossmod",17
"Reg_s",0.271428571428571,"crossmod",17
"Batch",0.0571428571428571,"lasso",18
"ComBat",0.242857142857143,"lasso",18
"Avg",0.171428571428571,"lasso",18
"n_Avg",0.214285714285714,"lasso",18
"CS_Avg",0.1,"lasso",18
"Reg_a",0.0857142857142857,"lasso",18
"Reg_s",0.142857142857143,"lasso",18
"Batch",0.228571428571429,"rf",18
"ComBat",0.0428571428571429,"rf",18
"Avg",0.0571428571428571,"rf",18
"n_Avg",0.0857142857142857,"rf",18
"CS_Avg",0.0142857142857143,"rf",18
"Reg_a",0.142857142857143,"rf",18
"Reg_s",0.285714285714286,"rf",18
"Batch",0.0428571428571429,"svm",18
"ComBat",0.0857142857142857,"svm",18
"Avg",0.0571428571428571,"svm",18
"n_Avg",0.0857142857142857,"svm",18
"CS_Avg",0.0285714285714286,"svm",18
"Reg_a",0.0857142857142857,"svm",18
"Reg_s",0.171428571428571,"svm",18
"Batch",0.228571428571429,"crossmod",18
"ComBat",0.0428571428571429,"crossmod",18
"Avg",0.0571428571428571,"crossmod",18
"n_Avg",0.128571428571429,"crossmod",18
"CS_Avg",0.0142857142857143,"crossmod",18
"Reg_a",0.0857142857142857,"crossmod",18
"Reg_s",0.257142857142857,"crossmod",18
"Batch",0.1,"lasso",19
"ComBat",0.214285714285714,"lasso",19
"Avg",0.142857142857143,"lasso",19
"n_Avg",0.185714285714286,"lasso",19
"CS_Avg",0.114285714285714,"lasso",19
"Reg_a",0.128571428571429,"lasso",19
"Reg_s",0.114285714285714,"lasso",19
"Batch",0.142857142857143,"rf",19
"ComBat",0.0857142857142857,"rf",19
"Avg",0.0857142857142857,"rf",19
"n_Avg",0.0857142857142857,"rf",19
"CS_Avg",0.0714285714285714,"rf",19
"Reg_a",0.142857142857143,"rf",19
"Reg_s",0.4,"rf",19
"Batch",0.114285714285714,"svm",19
"ComBat",0.128571428571429,"svm",19
"Avg",0.0857142857142857,"svm",19
"n_Avg",0.0857142857142857,"svm",19
"CS_Avg",0.0571428571428571,"svm",19
"Reg_a",0.0857142857142857,"svm",19
"Reg_s",0.257142857142857,"svm",19
"Batch",0.142857142857143,"crossmod",19
"ComBat",0.0857142857142857,"crossmod",19
"Avg",0.0857142857142857,"crossmod",19
"n_Avg",0.1,"crossmod",19
"CS_Avg",0.0714285714285714,"crossmod",19
"Reg_a",0.0857142857142857,"crossmod",19
"Reg_s",0.328571428571429,"crossmod",19
"Batch",0.0714285714285714,"lasso",20
"ComBat",0.142857142857143,"lasso",20
"Avg",0.228571428571429,"lasso",20
"n_Avg",0.171428571428571,"lasso",20
"CS_Avg",0.185714285714286,"lasso",20
"Reg_a",0.257142857142857,"lasso",20
"Reg_s",0.214285714285714,"lasso",20
"Batch",0.2,"rf",20
"ComBat",0.114285714285714,"rf",20
"Avg",0.114285714285714,"rf",20
"n_Avg",0.114285714285714,"rf",20
"CS_Avg",0.185714285714286,"rf",20
"Reg_a",0.128571428571429,"rf",20
"Reg_s",0.3,"rf",20
"Batch",0.0857142857142857,"svm",20
"ComBat",0.1,"svm",20
"Avg",0.114285714285714,"svm",20
"n_Avg",0.114285714285714,"svm",20
"CS_Avg",0.142857142857143,"svm",20
"Reg_a",0.114285714285714,"svm",20
"Reg_s",0.228571428571429,"svm",20
"Batch",0.2,"crossmod",20
"ComBat",0.114285714285714,"crossmod",20
"Avg",0.157142857142857,"crossmod",20
"n_Avg",0.128571428571429,"crossmod",20
"CS_Avg",0.171428571428571,"crossmod",20
"Reg_a",0.114285714285714,"crossmod",20
"Reg_s",0.242857142857143,"crossmod",20
"Batch",0.0571428571428571,"lasso",21
"ComBat",0.114285714285714,"lasso",21
"Avg",0.0857142857142857,"lasso",21
"n_Avg",0.157142857142857,"lasso",21
"CS_Avg",0.0857142857142857,"lasso",21
"Reg_a",0.0571428571428571,"lasso",21
"Reg_s",0.142857142857143,"lasso",21
"Batch",0.2,"rf",21
"ComBat",0.0571428571428571,"rf",21
"Avg",0.0428571428571429,"rf",21
"n_Avg",0.0428571428571429,"rf",21
"CS_Avg",0.0571428571428571,"rf",21
"Reg_a",0.128571428571429,"rf",21
"Reg_s",0.271428571428571,"rf",21
"Batch",0.0714285714285714,"svm",21
"ComBat",0.0714285714285714,"svm",21
"Avg",0.0428571428571429,"svm",21
"n_Avg",0.0428571428571429,"svm",21
"CS_Avg",0.0714285714285714,"svm",21
"Reg_a",0.0428571428571429,"svm",21
"Reg_s",0.228571428571429,"svm",21
"Batch",0.2,"crossmod",21
"ComBat",0.0571428571428571,"crossmod",21
"Avg",0.0428571428571429,"crossmod",21
"n_Avg",0.0428571428571429,"crossmod",21
"CS_Avg",0.0571428571428571,"crossmod",21
"Reg_a",0.0428571428571429,"crossmod",21
"Reg_s",0.242857142857143,"crossmod",21
"Batch",0.171428571428571,"lasso",22
"ComBat",0.114285714285714,"lasso",22
"Avg",0.171428571428571,"lasso",22
"n_Avg",0.2,"lasso",22
"CS_Avg",0.142857142857143,"lasso",22
"Reg_a",0.185714285714286,"lasso",22
"Reg_s",0.2,"lasso",22
"Batch",0.271428571428571,"rf",22
"ComBat",0.128571428571429,"rf",22
"Avg",0.128571428571429,"rf",22
"n_Avg",0.128571428571429,"rf",22
"CS_Avg",0.157142857142857,"rf",22
"Reg_a",0.2,"rf",22
"Reg_s",0.371428571428571,"rf",22
"Batch",0.128571428571429,"svm",22
"ComBat",0.1,"svm",22
"Avg",0.128571428571429,"svm",22
"n_Avg",0.185714285714286,"svm",22
"CS_Avg",0.0714285714285714,"svm",22
"Reg_a",0.185714285714286,"svm",22
"Reg_s",0.3,"svm",22
"Batch",0.271428571428571,"crossmod",22
"ComBat",0.128571428571429,"crossmod",22
"Avg",0.128571428571429,"crossmod",22
"n_Avg",0.185714285714286,"crossmod",22
"CS_Avg",0.114285714285714,"crossmod",22
"Reg_a",0.185714285714286,"crossmod",22
"Reg_s",0.342857142857143,"crossmod",22
"Batch",0.0142857142857143,"lasso",23
"ComBat",0.185714285714286,"lasso",23
"Avg",0.1,"lasso",23
"n_Avg",0.171428571428571,"lasso",23
"CS_Avg",0.0571428571428571,"lasso",23
"Reg_a",0.0428571428571429,"lasso",23
"Reg_s",0.142857142857143,"lasso",23
"Batch",0.2,"rf",23
"ComBat",0.0428571428571429,"rf",23
"Avg",0.0428571428571429,"rf",23
"n_Avg",0.0428571428571429,"rf",23
"CS_Avg",0.0571428571428571,"rf",23
"Reg_a",0.0857142857142857,"rf",23
"Reg_s",0.285714285714286,"rf",23
"Batch",0.0571428571428571,"svm",23
"ComBat",0.1,"svm",23
"Avg",0.0428571428571429,"svm",23
"n_Avg",0.0857142857142857,"svm",23
"CS_Avg",0.0714285714285714,"svm",23
"Reg_a",0.0857142857142857,"svm",23
"Reg_s",0.157142857142857,"svm",23
"Batch",0.2,"crossmod",23
"ComBat",0.0428571428571429,"crossmod",23
"Avg",0.0428571428571429,"crossmod",23
"n_Avg",0.0857142857142857,"crossmod",23
"CS_Avg",0.0714285714285714,"crossmod",23
"Reg_a",0.0428571428571429,"crossmod",23
"Reg_s",0.271428571428571,"crossmod",23
"Batch",0.0714285714285714,"lasso",24
"ComBat",0.214285714285714,"lasso",24
"Avg",0.128571428571429,"lasso",24
"n_Avg",0.171428571428571,"lasso",24
"CS_Avg",0.0857142857142857,"lasso",24
"Reg_a",0.1,"lasso",24
"Reg_s",0.157142857142857,"lasso",24
"Batch",0.171428571428571,"rf",24
"ComBat",0.142857142857143,"rf",24
"Avg",0.142857142857143,"rf",24
"n_Avg",0.157142857142857,"rf",24
"CS_Avg",0.0857142857142857,"rf",24
"Reg_a",0.185714285714286,"rf",24
"Reg_s",0.342857142857143,"rf",24
"Batch",0.114285714285714,"svm",24
"ComBat",0.171428571428571,"svm",24
"Avg",0.1,"svm",24
"n_Avg",0.128571428571429,"svm",24
"CS_Avg",0.0857142857142857,"svm",24
"Reg_a",0.128571428571429,"svm",24
"Reg_s",0.3,"svm",24
"Batch",0.171428571428571,"crossmod",24
"ComBat",0.142857142857143,"crossmod",24
"Avg",0.1,"crossmod",24
"n_Avg",0.157142857142857,"crossmod",24
"CS_Avg",0.0857142857142857,"crossmod",24
"Reg_a",0.128571428571429,"crossmod",24
"Reg_s",0.314285714285714,"crossmod",24
"Batch",0.0428571428571429,"lasso",25
"ComBat",0.0714285714285714,"lasso",25
"Avg",0.0714285714285714,"lasso",25
"n_Avg",0.114285714285714,"lasso",25
"CS_Avg",0.114285714285714,"lasso",25
"Reg_a",0.0857142857142857,"lasso",25
"Reg_s",0.0857142857142857,"lasso",25
"Batch",0.185714285714286,"rf",25
"ComBat",0.0714285714285714,"rf",25
"Avg",0.114285714285714,"rf",25
"n_Avg",0.1,"rf",25
"CS_Avg",0.0714285714285714,"rf",25
"Reg_a",0.128571428571429,"rf",25
"Reg_s",0.285714285714286,"rf",25
"Batch",0.0857142857142857,"svm",25
"ComBat",0.114285714285714,"svm",25
"Avg",0.0714285714285714,"svm",25
"n_Avg",0.1,"svm",25
"CS_Avg",0.0714285714285714,"svm",25
"Reg_a",0.1,"svm",25
"Reg_s",0.228571428571429,"svm",25
"Batch",0.185714285714286,"crossmod",25
"ComBat",0.0714285714285714,"crossmod",25
"Avg",0.0714285714285714,"crossmod",25
"n_Avg",0.1,"crossmod",25
"CS_Avg",0.0857142857142857,"crossmod",25
"Reg_a",0.1,"crossmod",25
"Reg_s",0.228571428571429,"crossmod",25
"Batch",0.128571428571429,"lasso",26
"ComBat",0.2,"lasso",26
"Avg",0.228571428571429,"lasso",26
"n_Avg",0.242857142857143,"lasso",26
"CS_Avg",0.142857142857143,"lasso",26
"Reg_a",0.157142857142857,"lasso",26
"Reg_s",0.185714285714286,"lasso",26
"Batch",0.214285714285714,"rf",26
"ComBat",0.1,"rf",26
"Avg",0.114285714285714,"rf",26
"n_Avg",0.128571428571429,"rf",26
"CS_Avg",0.1,"rf",26
"Reg_a",0.157142857142857,"rf",26
"Reg_s",0.4,"rf",26
"Batch",0.114285714285714,"svm",26
"ComBat",0.157142857142857,"svm",26
"Avg",0.114285714285714,"svm",26
"n_Avg",0.128571428571429,"svm",26
"CS_Avg",0.114285714285714,"svm",26
"Reg_a",0.128571428571429,"svm",26
"Reg_s",0.3,"svm",26
"Batch",0.214285714285714,"crossmod",26
"ComBat",0.1,"crossmod",26
"Avg",0.114285714285714,"crossmod",26
"n_Avg",0.185714285714286,"crossmod",26
"CS_Avg",0.0857142857142857,"crossmod",26
"Reg_a",0.128571428571429,"crossmod",26
"Reg_s",0.371428571428571,"crossmod",26
"Batch",0.0285714285714286,"lasso",27
"ComBat",0.114285714285714,"lasso",27
"Avg",0.114285714285714,"lasso",27
"n_Avg",0.114285714285714,"lasso",27
"CS_Avg",0.157142857142857,"lasso",27
"Reg_a",0.157142857142857,"lasso",27
"Reg_s",0.157142857142857,"lasso",27
"Batch",0.128571428571429,"rf",27
"ComBat",0.0857142857142857,"rf",27
"Avg",0.1,"rf",27
"n_Avg",0.0857142857142857,"rf",27
"CS_Avg",0.114285714285714,"rf",27
"Reg_a",0.0857142857142857,"rf",27
"Reg_s",0.185714285714286,"rf",27
"Batch",0.0714285714285714,"svm",27
"ComBat",0.114285714285714,"svm",27
"Avg",0.1,"svm",27
"n_Avg",0.0857142857142857,"svm",27
"CS_Avg",0.0857142857142857,"svm",27
"Reg_a",0.0857142857142857,"svm",27
"Reg_s",0.157142857142857,"svm",27
"Batch",0.128571428571429,"crossmod",27
"ComBat",0.0857142857142857,"crossmod",27
"Avg",0.0428571428571429,"crossmod",27
"n_Avg",0.0857142857142857,"crossmod",27
"CS_Avg",0.0857142857142857,"crossmod",27
"Reg_a",0.0857142857142857,"crossmod",27
"Reg_s",0.2,"crossmod",27
"Batch",0.0285714285714286,"lasso",28
"ComBat",0.142857142857143,"lasso",28
"Avg",0.128571428571429,"lasso",28
"n_Avg",0.128571428571429,"lasso",28
"CS_Avg",0.114285714285714,"lasso",28
"Reg_a",0.114285714285714,"lasso",28
"Reg_s",0.157142857142857,"lasso",28
"Batch",0.157142857142857,"rf",28
"ComBat",0.0571428571428571,"rf",28
"Avg",0.0571428571428571,"rf",28
"n_Avg",0.0714285714285714,"rf",28
"CS_Avg",0.0857142857142857,"rf",28
"Reg_a",0.1,"rf",28
"Reg_s",0.228571428571429,"rf",28
"Batch",0.0714285714285714,"svm",28
"ComBat",0.0714285714285714,"svm",28
"Avg",0.0571428571428571,"svm",28
"n_Avg",0.0714285714285714,"svm",28
"CS_Avg",0.1,"svm",28
"Reg_a",0.0714285714285714,"svm",28
"Reg_s",0.142857142857143,"svm",28
"Batch",0.157142857142857,"crossmod",28
"ComBat",0.0571428571428571,"crossmod",28
"Avg",0.1,"crossmod",28
"n_Avg",0.0714285714285714,"crossmod",28
"CS_Avg",0.0714285714285714,"crossmod",28
"Reg_a",0.0571428571428571,"crossmod",28
"Reg_s",0.185714285714286,"crossmod",28
"Batch",0.0714285714285714,"lasso",29
"ComBat",0.157142857142857,"lasso",29
"Avg",0.157142857142857,"lasso",29
"n_Avg",0.2,"lasso",29
"CS_Avg",0.1,"lasso",29
"Reg_a",0.157142857142857,"lasso",29
"Reg_s",0.185714285714286,"lasso",29
"Batch",0.2,"rf",29
"ComBat",0.0857142857142857,"rf",29
"Avg",0.0857142857142857,"rf",29
"n_Avg",0.114285714285714,"rf",29
"CS_Avg",0.0714285714285714,"rf",29
"Reg_a",0.142857142857143,"rf",29
"Reg_s",0.285714285714286,"rf",29
"Batch",0.1,"svm",29
"ComBat",0.114285714285714,"svm",29
"Avg",0.1,"svm",29
"n_Avg",0.114285714285714,"svm",29
"CS_Avg",0.0857142857142857,"svm",29
"Reg_a",0.114285714285714,"svm",29
"Reg_s",0.242857142857143,"svm",29
"Batch",0.2,"crossmod",29
"ComBat",0.0857142857142857,"crossmod",29
"Avg",0.1,"crossmod",29
"n_Avg",0.157142857142857,"crossmod",29
"CS_Avg",0.0714285714285714,"crossmod",29
"Reg_a",0.114285714285714,"crossmod",29
"Reg_s",0.3,"crossmod",29
"Batch",0.0571428571428571,"lasso",30
"ComBat",0.171428571428571,"lasso",30
"Avg",0.157142857142857,"lasso",30
"n_Avg",0.2,"lasso",30
"CS_Avg",0.1,"lasso",30
"Reg_a",0.1,"lasso",30
"Reg_s",0.171428571428571,"lasso",30
"Batch",0.271428571428571,"rf",30
"ComBat",0.0857142857142857,"rf",30
"Avg",0.0857142857142857,"rf",30
"n_Avg",0.114285714285714,"rf",30
"CS_Avg",0.0142857142857143,"rf",30
"Reg_a",0.128571428571429,"rf",30
"Reg_s",0.342857142857143,"rf",30
"Batch",0.0857142857142857,"svm",30
"ComBat",0.128571428571429,"svm",30
"Avg",0.0857142857142857,"svm",30
"n_Avg",0.114285714285714,"svm",30
"CS_Avg",0.0857142857142857,"svm",30
"Reg_a",0.114285714285714,"svm",30
"Reg_s",0.142857142857143,"svm",30
"Batch",0.271428571428571,"crossmod",30
"ComBat",0.0857142857142857,"crossmod",30
"Avg",0.0857142857142857,"crossmod",30
"n_Avg",0.128571428571429,"crossmod",30
"CS_Avg",0.0714285714285714,"crossmod",30
"Reg_a",0.114285714285714,"crossmod",30
"Reg_s",0.285714285714286,"crossmod",30
"Batch",0.0428571428571429,"lasso",31
"ComBat",0.0857142857142857,"lasso",31
"Avg",0.128571428571429,"lasso",31
"n_Avg",0.142857142857143,"lasso",31
"CS_Avg",0.157142857142857,"lasso",31
"Reg_a",0.157142857142857,"lasso",31
"Reg_s",0.157142857142857,"lasso",31
"Batch",0.185714285714286,"rf",31
"ComBat",0.0714285714285714,"rf",31
"Avg",0.0857142857142857,"rf",31
"n_Avg",0.1,"rf",31
"CS_Avg",0.1,"rf",31
"Reg_a",0.114285714285714,"rf",31
"Reg_s",0.271428571428571,"rf",31
"Batch",0.0857142857142857,"svm",31
"ComBat",0.114285714285714,"svm",31
"Avg",0.0857142857142857,"svm",31
"n_Avg",0.114285714285714,"svm",31
"CS_Avg",0.0714285714285714,"svm",31
"Reg_a",0.114285714285714,"svm",31
"Reg_s",0.2,"svm",31
"Batch",0.185714285714286,"crossmod",31
"ComBat",0.0714285714285714,"crossmod",31
"Avg",0.114285714285714,"crossmod",31
"n_Avg",0.1,"crossmod",31
"CS_Avg",0.0857142857142857,"crossmod",31
"Reg_a",0.1,"crossmod",31
"Reg_s",0.242857142857143,"crossmod",31
"Batch",0.171428571428571,"lasso",32
"ComBat",0.371428571428571,"lasso",32
"Avg",0.242857142857143,"lasso",32
"n_Avg",0.314285714285714,"lasso",32
"CS_Avg",0.185714285714286,"lasso",32
"Reg_a",0.171428571428571,"lasso",32
"Reg_s",0.271428571428571,"lasso",32
"Batch",0.171428571428571,"rf",32
"ComBat",0.114285714285714,"rf",32
"Avg",0.128571428571429,"rf",32
"n_Avg",0.171428571428571,"rf",32
"CS_Avg",0.1,"rf",32
"Reg_a",0.214285714285714,"rf",32
"Reg_s",0.385714285714286,"rf",32
"Batch",0.128571428571429,"svm",32
"ComBat",0.185714285714286,"svm",32
"Avg",0.128571428571429,"svm",32
"n_Avg",0.142857142857143,"svm",32
"CS_Avg",0.128571428571429,"svm",32
"Reg_a",0.142857142857143,"svm",32
"Reg_s",0.314285714285714,"svm",32
"Batch",0.171428571428571,"crossmod",32
"ComBat",0.114285714285714,"crossmod",32
"Avg",0.128571428571429,"crossmod",32
"n_Avg",0.214285714285714,"crossmod",32
"CS_Avg",0.1,"crossmod",32
"Reg_a",0.142857142857143,"crossmod",32
"Reg_s",0.4,"crossmod",32
"Batch",0.0571428571428571,"lasso",33
"ComBat",0.142857142857143,"lasso",33
"Avg",0.142857142857143,"lasso",33
"n_Avg",0.157142857142857,"lasso",33
"CS_Avg",0.114285714285714,"lasso",33
"Reg_a",0.1,"lasso",33
"Reg_s",0.157142857142857,"lasso",33
"Batch",0.1,"rf",33
"ComBat",0.0714285714285714,"rf",33
"Avg",0.0714285714285714,"rf",33
"n_Avg",0.0714285714285714,"rf",33
"CS_Avg",0.0571428571428571,"rf",33
"Reg_a",0.1,"rf",33
"Reg_s",0.3,"rf",33
"Batch",0.0714285714285714,"svm",33
"ComBat",0.0857142857142857,"svm",33
"Avg",0.0571428571428571,"svm",33
"n_Avg",0.0714285714285714,"svm",33
"CS_Avg",0.0714285714285714,"svm",33
"Reg_a",0.0714285714285714,"svm",33
"Reg_s",0.214285714285714,"svm",33
"Batch",0.1,"crossmod",33
"ComBat",0.0714285714285714,"crossmod",33
"Avg",0.0714285714285714,"crossmod",33
"n_Avg",0.1,"crossmod",33
"CS_Avg",0.0428571428571429,"crossmod",33
"Reg_a",0.0714285714285714,"crossmod",33
"Reg_s",0.285714285714286,"crossmod",33
"Batch",0.0714285714285714,"lasso",34
"ComBat",0.2,"lasso",34
"Avg",0.185714285714286,"lasso",34
"n_Avg",0.228571428571429,"lasso",34
"CS_Avg",0.185714285714286,"lasso",34
"Reg_a",0.2,"lasso",34
"Reg_s",0.185714285714286,"lasso",34
"Batch",0.185714285714286,"rf",34
"ComBat",0.128571428571429,"rf",34
"Avg",0.128571428571429,"rf",34
"n_Avg",0.128571428571429,"rf",34
"CS_Avg",0.1,"rf",34
"Reg_a",0.157142857142857,"rf",34
"Reg_s",0.328571428571429,"rf",34
"Batch",0.0857142857142857,"svm",34
"ComBat",0.142857142857143,"svm",34
"Avg",0.114285714285714,"svm",34
"n_Avg",0.128571428571429,"svm",34
"CS_Avg",0.142857142857143,"svm",34
"Reg_a",0.128571428571429,"svm",34
"Reg_s",0.214285714285714,"svm",34
"Batch",0.185714285714286,"crossmod",34
"ComBat",0.128571428571429,"crossmod",34
"Avg",0.128571428571429,"crossmod",34
"n_Avg",0.157142857142857,"crossmod",34
"CS_Avg",0.1,"crossmod",34
"Reg_a",0.128571428571429,"crossmod",34
"Reg_s",0.285714285714286,"crossmod",34
"Batch",0.128571428571429,"lasso",35
"ComBat",0.185714285714286,"lasso",35
"Avg",0.171428571428571,"lasso",35
"n_Avg",0.185714285714286,"lasso",35
"CS_Avg",0.114285714285714,"lasso",35
"Reg_a",0.128571428571429,"lasso",35
"Reg_s",0.171428571428571,"lasso",35
"Batch",0.171428571428571,"rf",35
"ComBat",0.1,"rf",35
"Avg",0.114285714285714,"rf",35
"n_Avg",0.142857142857143,"rf",35
"CS_Avg",0.1,"rf",35
"Reg_a",0.171428571428571,"rf",35
"Reg_s",0.3,"rf",35
"Batch",0.128571428571429,"svm",35
"ComBat",0.1,"svm",35
"Avg",0.114285714285714,"svm",35
"n_Avg",0.142857142857143,"svm",35
"CS_Avg",0.142857142857143,"svm",35
"Reg_a",0.142857142857143,"svm",35
"Reg_s",0.214285714285714,"svm",35
"Batch",0.171428571428571,"crossmod",35
"ComBat",0.1,"crossmod",35
"Avg",0.114285714285714,"crossmod",35
"n_Avg",0.142857142857143,"crossmod",35
"CS_Avg",0.1,"crossmod",35
"Reg_a",0.142857142857143,"crossmod",35
"Reg_s",0.3,"crossmod",35
"Batch",0.157142857142857,"lasso",36
"ComBat",0.228571428571429,"lasso",36
"Avg",0.228571428571429,"lasso",36
"n_Avg",0.242857142857143,"lasso",36
"CS_Avg",0.171428571428571,"lasso",36
"Reg_a",0.157142857142857,"lasso",36
"Reg_s",0.2,"lasso",36
"Batch",0.314285714285714,"rf",36
"ComBat",0.142857142857143,"rf",36
"Avg",0.142857142857143,"rf",36
"n_Avg",0.157142857142857,"rf",36
"CS_Avg",0.0857142857142857,"rf",36
"Reg_a",0.2,"rf",36
"Reg_s",0.414285714285714,"rf",36
"Batch",0.1,"svm",36
"ComBat",0.171428571428571,"svm",36
"Avg",0.142857142857143,"svm",36
"n_Avg",0.157142857142857,"svm",36
"CS_Avg",0.142857142857143,"svm",36
"Reg_a",0.157142857142857,"svm",36
"Reg_s",0.328571428571429,"svm",36
"Batch",0.314285714285714,"crossmod",36
"ComBat",0.142857142857143,"crossmod",36
"Avg",0.142857142857143,"crossmod",36
"n_Avg",0.185714285714286,"crossmod",36
"CS_Avg",0.128571428571429,"crossmod",36
"Reg_a",0.157142857142857,"crossmod",36
"Reg_s",0.4,"crossmod",36
"Batch",0.0857142857142857,"lasso",37
"ComBat",0.171428571428571,"lasso",37
"Avg",0.157142857142857,"lasso",37
"n_Avg",0.171428571428571,"lasso",37
"CS_Avg",0.114285714285714,"lasso",37
"Reg_a",0.114285714285714,"lasso",37
"Reg_s",0.128571428571429,"lasso",37
"Batch",0.271428571428571,"rf",37
"ComBat",0.0857142857142857,"rf",37
"Avg",0.1,"rf",37
"n_Avg",0.114285714285714,"rf",37
"CS_Avg",0.0571428571428571,"rf",37
"Reg_a",0.128571428571429,"rf",37
"Reg_s",0.271428571428571,"rf",37
"Batch",0.114285714285714,"svm",37
"ComBat",0.157142857142857,"svm",37
"Avg",0.1,"svm",37
"n_Avg",0.114285714285714,"svm",37
"CS_Avg",0.114285714285714,"svm",37
"Reg_a",0.114285714285714,"svm",37
"Reg_s",0.142857142857143,"svm",37
"Batch",0.271428571428571,"crossmod",37
"ComBat",0.0857142857142857,"crossmod",37
"Avg",0.114285714285714,"crossmod",37
"n_Avg",0.114285714285714,"crossmod",37
"CS_Avg",0.0714285714285714,"crossmod",37
"Reg_a",0.114285714285714,"crossmod",37
"Reg_s",0.257142857142857,"crossmod",37
"Batch",0.0428571428571429,"lasso",38
"ComBat",0.2,"lasso",38
"Avg",0.128571428571429,"lasso",38
"n_Avg",0.2,"lasso",38
"CS_Avg",0.0857142857142857,"lasso",38
"Reg_a",0.0571428571428571,"lasso",38
"Reg_s",0.157142857142857,"lasso",38
"Batch",0.114285714285714,"rf",38
"ComBat",0.0571428571428571,"rf",38
"Avg",0.0857142857142857,"rf",38
"n_Avg",0.128571428571429,"rf",38
"CS_Avg",0.0285714285714286,"rf",38
"Reg_a",0.157142857142857,"rf",38
"Reg_s",0.3,"rf",38
"Batch",0.0571428571428571,"svm",38
"ComBat",0.1,"svm",38
"Avg",0.0571428571428571,"svm",38
"n_Avg",0.1,"svm",38
"CS_Avg",0.0857142857142857,"svm",38
"Reg_a",0.1,"svm",38
"Reg_s",0.214285714285714,"svm",38
"Batch",0.114285714285714,"crossmod",38
"ComBat",0.0571428571428571,"crossmod",38
"Avg",0.0571428571428571,"crossmod",38
"n_Avg",0.142857142857143,"crossmod",38
"CS_Avg",0.0285714285714286,"crossmod",38
"Reg_a",0.1,"crossmod",38
"Reg_s",0.285714285714286,"crossmod",38
"Batch",0.0857142857142857,"lasso",39
"ComBat",0.214285714285714,"lasso",39
"Avg",0.1,"lasso",39
"n_Avg",0.185714285714286,"lasso",39
"CS_Avg",0.128571428571429,"lasso",39
"Reg_a",0.0714285714285714,"lasso",39
"Reg_s",0.1,"lasso",39
"Batch",0.185714285714286,"rf",39
"ComBat",0.0714285714285714,"rf",39
"Avg",0.0714285714285714,"rf",39
"n_Avg",0.1,"rf",39
"CS_Avg",0.0285714285714286,"rf",39
"Reg_a",0.128571428571429,"rf",39
"Reg_s",0.328571428571429,"rf",39
"Batch",0.114285714285714,"svm",39
"ComBat",0.142857142857143,"svm",39
"Avg",0.0428571428571429,"svm",39
"n_Avg",0.1,"svm",39
"CS_Avg",0.0571428571428571,"svm",39
"Reg_a",0.1,"svm",39
"Reg_s",0.214285714285714,"svm",39
"Batch",0.185714285714286,"crossmod",39
"ComBat",0.0714285714285714,"crossmod",39
"Avg",0.0714285714285714,"crossmod",39
"n_Avg",0.114285714285714,"crossmod",39
"CS_Avg",0.0571428571428571,"crossmod",39
"Reg_a",0.0714285714285714,"crossmod",39
"Reg_s",0.285714285714286,"crossmod",39
"Batch",0.1,"lasso",40
"ComBat",0.257142857142857,"lasso",40
"Avg",0.185714285714286,"lasso",40
"n_Avg",0.228571428571429,"lasso",40
"CS_Avg",0.0714285714285714,"lasso",40
"Reg_a",0.142857142857143,"lasso",40
"Reg_s",0.157142857142857,"lasso",40
"Batch",0.2,"rf",40
"ComBat",0.0714285714285714,"rf",40
"Avg",0.0714285714285714,"rf",40
"n_Avg",0.157142857142857,"rf",40
"CS_Avg",0.0571428571428571,"rf",40
"Reg_a",0.228571428571429,"rf",40
"Reg_s",0.357142857142857,"rf",40
"Batch",0.114285714285714,"svm",40
"ComBat",0.214285714285714,"svm",40
"Avg",0.0714285714285714,"svm",40
"n_Avg",0.157142857142857,"svm",40
"CS_Avg",0.0428571428571429,"svm",40
"Reg_a",0.157142857142857,"svm",40
"Reg_s",0.285714285714286,"svm",40
"Batch",0.2,"crossmod",40
"ComBat",0.0714285714285714,"crossmod",40
"Avg",0.114285714285714,"crossmod",40
"n_Avg",0.171428571428571,"crossmod",40
"CS_Avg",0.0571428571428571,"crossmod",40
"Reg_a",0.157142857142857,"crossmod",40
"Reg_s",0.342857142857143,"crossmod",40
"Batch",0.214285714285714,"lasso",41
"ComBat",0.328571428571429,"lasso",41
"Avg",0.285714285714286,"lasso",41
"n_Avg",0.328571428571429,"lasso",41
"CS_Avg",0.257142857142857,"lasso",41
"Reg_a",0.2,"lasso",41
"Reg_s",0.271428571428571,"lasso",41
"Batch",0.2,"rf",41
"ComBat",0.128571428571429,"rf",41
"Avg",0.128571428571429,"rf",41
"n_Avg",0.128571428571429,"rf",41
"CS_Avg",0.0857142857142857,"rf",41
"Reg_a",0.242857142857143,"rf",41
"Reg_s",0.428571428571429,"rf",41
"Batch",0.142857142857143,"svm",41
"ComBat",0.157142857142857,"svm",41
"Avg",0.128571428571429,"svm",41
"n_Avg",0.128571428571429,"svm",41
"CS_Avg",0.0857142857142857,"svm",41
"Reg_a",0.128571428571429,"svm",41
"Reg_s",0.314285714285714,"svm",41
"Batch",0.2,"crossmod",41
"ComBat",0.128571428571429,"crossmod",41
"Avg",0.128571428571429,"crossmod",41
"n_Avg",0.2,"crossmod",41
"CS_Avg",0.0857142857142857,"crossmod",41
"Reg_a",0.128571428571429,"crossmod",41
"Reg_s",0.371428571428571,"crossmod",41
"Batch",0.0285714285714286,"lasso",42
"ComBat",0.242857142857143,"lasso",42
"Avg",0.1,"lasso",42
"n_Avg",0.157142857142857,"lasso",42
"CS_Avg",0.0428571428571429,"lasso",42
"Reg_a",0.0285714285714286,"lasso",42
"Reg_s",0.1,"lasso",42
"Batch",0.2,"rf",42
"ComBat",0.1,"rf",42
"Avg",0.0714285714285714,"rf",42
"n_Avg",0.0857142857142857,"rf",42
"CS_Avg",0.0714285714285714,"rf",42
"Reg_a",0.1,"rf",42
"Reg_s",0.3,"rf",42
"Batch",0.0285714285714286,"svm",42
"ComBat",0.1,"svm",42
"Avg",0.0285714285714286,"svm",42
"n_Avg",0.0428571428571429,"svm",42
"CS_Avg",0.0428571428571429,"svm",42
"Reg_a",0.0428571428571429,"svm",42
"Reg_s",0.171428571428571,"svm",42
"Batch",0.2,"crossmod",42
"ComBat",0.1,"crossmod",42
"Avg",0.0285714285714286,"crossmod",42
"n_Avg",0.0857142857142857,"crossmod",42
"CS_Avg",0.0285714285714286,"crossmod",42
"Reg_a",0.0428571428571429,"crossmod",42
"Reg_s",0.271428571428571,"crossmod",42
"Batch",0.0142857142857143,"lasso",43
"ComBat",0.0571428571428571,"lasso",43
"Avg",0.0428571428571429,"lasso",43
"n_Avg",0.128571428571429,"lasso",43
"CS_Avg",0.0857142857142857,"lasso",43
"Reg_a",0.0285714285714286,"lasso",43
"Reg_s",0.0571428571428571,"lasso",43
"Batch",0.0857142857142857,"rf",43
"ComBat",0.0571428571428571,"rf",43
"Avg",0.0571428571428571,"rf",43
"n_Avg",0.0714285714285714,"rf",43
"CS_Avg",0.0142857142857143,"rf",43
"Reg_a",0.128571428571429,"rf",43
"Reg_s",0.3,"rf",43
"Batch",0.0428571428571429,"svm",43
"ComBat",0.0857142857142857,"svm",43
"Avg",0.0142857142857143,"svm",43
"n_Avg",0.0714285714285714,"svm",43
"CS_Avg",0.0428571428571429,"svm",43
"Reg_a",0.0714285714285714,"svm",43
"Reg_s",0.2,"svm",43
"Batch",0.0857142857142857,"crossmod",43
"ComBat",0.0571428571428571,"crossmod",43
"Avg",0.0142857142857143,"crossmod",43
"n_Avg",0.0714285714285714,"crossmod",43
"CS_Avg",0.0285714285714286,"crossmod",43
"Reg_a",0.0714285714285714,"crossmod",43
"Reg_s",0.242857142857143,"crossmod",43
"Batch",0.214285714285714,"lasso",44
"ComBat",0.328571428571429,"lasso",44
"Avg",0.271428571428571,"lasso",44
"n_Avg",0.314285714285714,"lasso",44
"CS_Avg",0.114285714285714,"lasso",44
"Reg_a",0.214285714285714,"lasso",44
"Reg_s",0.285714285714286,"lasso",44
"Batch",0.257142857142857,"rf",44
"ComBat",0.128571428571429,"rf",44
"Avg",0.128571428571429,"rf",44
"n_Avg",0.2,"rf",44
"CS_Avg",0.0857142857142857,"rf",44
"Reg_a",0.214285714285714,"rf",44
"Reg_s",0.514285714285714,"rf",44
"Batch",0.157142857142857,"svm",44
"ComBat",0.228571428571429,"svm",44
"Avg",0.128571428571429,"svm",44
"n_Avg",0.185714285714286,"svm",44
"CS_Avg",0.0857142857142857,"svm",44
"Reg_a",0.185714285714286,"svm",44
"Reg_s",0.357142857142857,"svm",44
"Batch",0.257142857142857,"crossmod",44
"ComBat",0.128571428571429,"crossmod",44
"Avg",0.157142857142857,"crossmod",44
"n_Avg",0.228571428571429,"crossmod",44
"CS_Avg",0.0857142857142857,"crossmod",44
"Reg_a",0.185714285714286,"crossmod",44
"Reg_s",0.428571428571429,"crossmod",44
"Batch",0.142857142857143,"lasso",45
"ComBat",0.3,"lasso",45
"Avg",0.228571428571429,"lasso",45
"n_Avg",0.3,"lasso",45
"CS_Avg",0.0428571428571429,"lasso",45
"Reg_a",0.128571428571429,"lasso",45
"Reg_s",0.214285714285714,"lasso",45
"Batch",0.242857142857143,"rf",45
"ComBat",0.0714285714285714,"rf",45
"Avg",0.0857142857142857,"rf",45
"n_Avg",0.114285714285714,"rf",45
"CS_Avg",0.0428571428571429,"rf",45
"Reg_a",0.171428571428571,"rf",45
"Reg_s",0.428571428571429,"rf",45
"Batch",0.114285714285714,"svm",45
"ComBat",0.128571428571429,"svm",45
"Avg",0.0571428571428571,"svm",45
"n_Avg",0.157142857142857,"svm",45
"CS_Avg",0.0571428571428571,"svm",45
"Reg_a",0.157142857142857,"svm",45
"Reg_s",0.214285714285714,"svm",45
"Batch",0.242857142857143,"crossmod",45
"ComBat",0.0714285714285714,"crossmod",45
"Avg",0.1,"crossmod",45
"n_Avg",0.185714285714286,"crossmod",45
"CS_Avg",0.0428571428571429,"crossmod",45
"Reg_a",0.128571428571429,"crossmod",45
"Reg_s",0.314285714285714,"crossmod",45
"Batch",0.0571428571428571,"lasso",46
"ComBat",0.171428571428571,"lasso",46
"Avg",0.0571428571428571,"lasso",46
"n_Avg",0.1,"lasso",46
"CS_Avg",0.1,"lasso",46
"Reg_a",0.0714285714285714,"lasso",46
"Reg_s",0.1,"lasso",46
"Batch",0.2,"rf",46
"ComBat",0.0714285714285714,"rf",46
"Avg",0.1,"rf",46
"n_Avg",0.1,"rf",46
"CS_Avg",0.114285714285714,"rf",46
"Reg_a",0.0857142857142857,"rf",46
"Reg_s",0.271428571428571,"rf",46
"Batch",0.0857142857142857,"svm",46
"ComBat",0.1,"svm",46
"Avg",0.0571428571428571,"svm",46
"n_Avg",0.0571428571428571,"svm",46
"CS_Avg",0.0714285714285714,"svm",46
"Reg_a",0.0571428571428571,"svm",46
"Reg_s",0.142857142857143,"svm",46
"Batch",0.2,"crossmod",46
"ComBat",0.0714285714285714,"crossmod",46
"Avg",0.0571428571428571,"crossmod",46
"n_Avg",0.0571428571428571,"crossmod",46
"CS_Avg",0.0714285714285714,"crossmod",46
"Reg_a",0.0571428571428571,"crossmod",46
"Reg_s",0.257142857142857,"crossmod",46
"Batch",0.142857142857143,"lasso",47
"ComBat",0.257142857142857,"lasso",47
"Avg",0.271428571428571,"lasso",47
"n_Avg",0.328571428571429,"lasso",47
"CS_Avg",0.0714285714285714,"lasso",47
"Reg_a",0.214285714285714,"lasso",47
"Reg_s",0.242857142857143,"lasso",47
"Batch",0.242857142857143,"rf",47
"ComBat",0.128571428571429,"rf",47
"Avg",0.157142857142857,"rf",47
"n_Avg",0.242857142857143,"rf",47
"CS_Avg",0.0428571428571429,"rf",47
"Reg_a",0.257142857142857,"rf",47
"Reg_s",0.485714285714286,"rf",47
"Batch",0.128571428571429,"svm",47
"ComBat",0.328571428571429,"svm",47
"Avg",0.142857142857143,"svm",47
"n_Avg",0.228571428571429,"svm",47
"CS_Avg",0.0428571428571429,"svm",47
"Reg_a",0.228571428571429,"svm",47
"Reg_s",0.357142857142857,"svm",47
"Batch",0.242857142857143,"crossmod",47
"ComBat",0.128571428571429,"crossmod",47
"Avg",0.2,"crossmod",47
"n_Avg",0.228571428571429,"crossmod",47
"CS_Avg",0.0714285714285714,"crossmod",47
"Reg_a",0.185714285714286,"crossmod",47
"Reg_s",0.442857142857143,"crossmod",47
"Batch",0.0857142857142857,"lasso",48
"ComBat",0.2,"lasso",48
"Avg",0.157142857142857,"lasso",48
"n_Avg",0.171428571428571,"lasso",48
"CS_Avg",0.114285714285714,"lasso",48
"Reg_a",0.157142857142857,"lasso",48
"Reg_s",0.185714285714286,"lasso",48
"Batch",0.171428571428571,"rf",48
"ComBat",0.128571428571429,"rf",48
"Avg",0.0714285714285714,"rf",48
"n_Avg",0.1,"rf",48
"CS_Avg",0.0857142857142857,"rf",48
"Reg_a",0.128571428571429,"rf",48
"Reg_s",0.257142857142857,"rf",48
"Batch",0.0714285714285714,"svm",48
"ComBat",0.1,"svm",48
"Avg",0.1,"svm",48
"n_Avg",0.114285714285714,"svm",48
"CS_Avg",0.128571428571429,"svm",48
"Reg_a",0.114285714285714,"svm",48
"Reg_s",0.171428571428571,"svm",48
"Batch",0.171428571428571,"crossmod",48
"ComBat",0.128571428571429,"crossmod",48
"Avg",0.1,"crossmod",48
"n_Avg",0.114285714285714,"crossmod",48
"CS_Avg",0.0857142857142857,"crossmod",48
"Reg_a",0.1,"crossmod",48
"Reg_s",0.185714285714286,"crossmod",48
"Batch",0.0714285714285714,"lasso",49
"ComBat",0.171428571428571,"lasso",49
"Avg",0.142857142857143,"lasso",49
"n_Avg",0.171428571428571,"lasso",49
"CS_Avg",0.128571428571429,"lasso",49
"Reg_a",0.114285714285714,"lasso",49
"Reg_s",0.185714285714286,"lasso",49
"Batch",0.128571428571429,"rf",49
"ComBat",0.0571428571428571,"rf",49
"Avg",0.0571428571428571,"rf",49
"n_Avg",0.0714285714285714,"rf",49
"CS_Avg",0.0285714285714286,"rf",49
"Reg_a",0.1,"rf",49
"Reg_s",0.285714285714286,"rf",49
"Batch",0.0285714285714286,"svm",49
"ComBat",0.1,"svm",49
"Avg",0.0571428571428571,"svm",49
"n_Avg",0.0714285714285714,"svm",49
"CS_Avg",0.0714285714285714,"svm",49
"Reg_a",0.0714285714285714,"svm",49
"Reg_s",0.214285714285714,"svm",49
"Batch",0.128571428571429,"crossmod",49
"ComBat",0.0571428571428571,"crossmod",49
"Avg",0.0571428571428571,"crossmod",49
"n_Avg",0.0714285714285714,"crossmod",49
"CS_Avg",0.0428571428571429,"crossmod",49
"Reg_a",0.0714285714285714,"crossmod",49
"Reg_s",0.257142857142857,"crossmod",49
"Batch",0.142857142857143,"lasso",50
"ComBat",0.2,"lasso",50
"Avg",0.142857142857143,"lasso",50
"n_Avg",0.185714285714286,"lasso",50
"CS_Avg",0.114285714285714,"lasso",50
"Reg_a",0.128571428571429,"lasso",50
"Reg_s",0.171428571428571,"lasso",50
"Batch",0.257142857142857,"rf",50
"ComBat",0.128571428571429,"rf",50
"Avg",0.1,"rf",50
"n_Avg",0.142857142857143,"rf",50
"CS_Avg",0.0857142857142857,"rf",50
"Reg_a",0.157142857142857,"rf",50
"Reg_s",0.328571428571429,"rf",50
"Batch",0.128571428571429,"svm",50
"ComBat",0.128571428571429,"svm",50
"Avg",0.1,"svm",50
"n_Avg",0.1,"svm",50
"CS_Avg",0.128571428571429,"svm",50
"Reg_a",0.1,"svm",50
"Reg_s",0.2,"svm",50
"Batch",0.257142857142857,"crossmod",50
"ComBat",0.128571428571429,"crossmod",50
"Avg",0.1,"crossmod",50
"n_Avg",0.142857142857143,"crossmod",50
"CS_Avg",0.0857142857142857,"crossmod",50
"Reg_a",0.1,"crossmod",50
"Reg_s",0.271428571428571,"crossmod",50
"Batch",0.0857142857142857,"lasso",51
"ComBat",0.157142857142857,"lasso",51
"Avg",0.228571428571429,"lasso",51
"n_Avg",0.228571428571429,"lasso",51
"CS_Avg",0.2,"lasso",51
"Reg_a",0.242857142857143,"lasso",51
"Reg_s",0.257142857142857,"lasso",51
"Batch",0.214285714285714,"rf",51
"ComBat",0.157142857142857,"rf",51
"Avg",0.157142857142857,"rf",51
"n_Avg",0.185714285714286,"rf",51
"CS_Avg",0.185714285714286,"rf",51
"Reg_a",0.214285714285714,"rf",51
"Reg_s",0.285714285714286,"rf",51
"Batch",0.2,"svm",51
"ComBat",0.171428571428571,"svm",51
"Avg",0.142857142857143,"svm",51
"n_Avg",0.185714285714286,"svm",51
"CS_Avg",0.171428571428571,"svm",51
"Reg_a",0.185714285714286,"svm",51
"Reg_s",0.257142857142857,"svm",51
"Batch",0.214285714285714,"crossmod",51
"ComBat",0.157142857142857,"crossmod",51
"Avg",0.171428571428571,"crossmod",51
"n_Avg",0.185714285714286,"crossmod",51
"CS_Avg",0.157142857142857,"crossmod",51
"Reg_a",0.185714285714286,"crossmod",51
"Reg_s",0.314285714285714,"crossmod",51
"Batch",0.0857142857142857,"lasso",52
"ComBat",0.171428571428571,"lasso",52
"Avg",0.0714285714285714,"lasso",52
"n_Avg",0.2,"lasso",52
"CS_Avg",0.1,"lasso",52
"Reg_a",0.0714285714285714,"lasso",52
"Reg_s",0.185714285714286,"lasso",52
"Batch",0.157142857142857,"rf",52
"ComBat",0.0571428571428571,"rf",52
"Avg",0.0857142857142857,"rf",52
"n_Avg",0.0714285714285714,"rf",52
"CS_Avg",0.1,"rf",52
"Reg_a",0.128571428571429,"rf",52
"Reg_s",0.285714285714286,"rf",52
"Batch",0.0571428571428571,"svm",52
"ComBat",0.1,"svm",52
"Avg",0.0571428571428571,"svm",52
"n_Avg",0.0714285714285714,"svm",52
"CS_Avg",0.0857142857142857,"svm",52
"Reg_a",0.0714285714285714,"svm",52
"Reg_s",0.2,"svm",52
"Batch",0.157142857142857,"crossmod",52
"ComBat",0.0571428571428571,"crossmod",52
"Avg",0.0571428571428571,"crossmod",52
"n_Avg",0.0714285714285714,"crossmod",52
"CS_Avg",0.0714285714285714,"crossmod",52
"Reg_a",0.0714285714285714,"crossmod",52
"Reg_s",0.271428571428571,"crossmod",52
"Batch",0.185714285714286,"lasso",53
"ComBat",0.271428571428571,"lasso",53
"Avg",0.171428571428571,"lasso",53
"n_Avg",0.2,"lasso",53
"CS_Avg",0.157142857142857,"lasso",53
"Reg_a",0.142857142857143,"lasso",53
"Reg_s",0.185714285714286,"lasso",53
"Batch",0.285714285714286,"rf",53
"ComBat",0.0857142857142857,"rf",53
"Avg",0.0857142857142857,"rf",53
"n_Avg",0.114285714285714,"rf",53
"CS_Avg",0.0714285714285714,"rf",53
"Reg_a",0.157142857142857,"rf",53
"Reg_s",0.457142857142857,"rf",53
"Batch",0.142857142857143,"svm",53
"ComBat",0.171428571428571,"svm",53
"Avg",0.0857142857142857,"svm",53
"n_Avg",0.128571428571429,"svm",53
"CS_Avg",0.0714285714285714,"svm",53
"Reg_a",0.1,"svm",53
"Reg_s",0.285714285714286,"svm",53
"Batch",0.285714285714286,"crossmod",53
"ComBat",0.0857142857142857,"crossmod",53
"Avg",0.128571428571429,"crossmod",53
"n_Avg",0.157142857142857,"crossmod",53
"CS_Avg",0.0857142857142857,"crossmod",53
"Reg_a",0.1,"crossmod",53
"Reg_s",0.371428571428571,"crossmod",53
"Batch",0.0428571428571429,"lasso",54
"ComBat",0.185714285714286,"lasso",54
"Avg",0.114285714285714,"lasso",54
"n_Avg",0.128571428571429,"lasso",54
"CS_Avg",0.1,"lasso",54
"Reg_a",0.0857142857142857,"lasso",54
"Reg_s",0.1,"lasso",54
"Batch",0.157142857142857,"rf",54
"ComBat",0.0714285714285714,"rf",54
"Avg",0.0714285714285714,"rf",54
"n_Avg",0.0857142857142857,"rf",54
"CS_Avg",0.0285714285714286,"rf",54
"Reg_a",0.1,"rf",54
"Reg_s",0.214285714285714,"rf",54
"Batch",0.0571428571428571,"svm",54
"ComBat",0.114285714285714,"svm",54
"Avg",0.0571428571428571,"svm",54
"n_Avg",0.0714285714285714,"svm",54
"CS_Avg",0.0714285714285714,"svm",54
"Reg_a",0.0714285714285714,"svm",54
"Reg_s",0.214285714285714,"svm",54
"Batch",0.157142857142857,"crossmod",54
"ComBat",0.0714285714285714,"crossmod",54
"Avg",0.0571428571428571,"crossmod",54
"n_Avg",0.0857142857142857,"crossmod",54
"CS_Avg",0.0714285714285714,"crossmod",54
"Reg_a",0.0714285714285714,"crossmod",54
"Reg_s",0.257142857142857,"crossmod",54
"Batch",0.114285714285714,"lasso",55
"ComBat",0.357142857142857,"lasso",55
"Avg",0.185714285714286,"lasso",55
"n_Avg",0.271428571428571,"lasso",55
"CS_Avg",0.0857142857142857,"lasso",55
"Reg_a",0.157142857142857,"lasso",55
"Reg_s",0.214285714285714,"lasso",55
"Batch",0.228571428571429,"rf",55
"ComBat",0.114285714285714,"rf",55
"Avg",0.1,"rf",55
"n_Avg",0.185714285714286,"rf",55
"CS_Avg",0.0857142857142857,"rf",55
"Reg_a",0.214285714285714,"rf",55
"Reg_s",0.428571428571429,"rf",55
"Batch",0.114285714285714,"svm",55
"ComBat",0.142857142857143,"svm",55
"Avg",0.1,"svm",55
"n_Avg",0.171428571428571,"svm",55
"CS_Avg",0.0571428571428571,"svm",55
"Reg_a",0.171428571428571,"svm",55
"Reg_s",0.242857142857143,"svm",55
"Batch",0.228571428571429,"crossmod",55
"ComBat",0.114285714285714,"crossmod",55
"Avg",0.157142857142857,"crossmod",55
"n_Avg",0.185714285714286,"crossmod",55
"CS_Avg",0.0857142857142857,"crossmod",55
"Reg_a",0.171428571428571,"crossmod",55
"Reg_s",0.3,"crossmod",55
"Batch",0.1,"lasso",56
"ComBat",0.257142857142857,"lasso",56
"Avg",0.271428571428571,"lasso",56
"n_Avg",0.285714285714286,"lasso",56
"CS_Avg",0.157142857142857,"lasso",56
"Reg_a",0.157142857142857,"lasso",56
"Reg_s",0.185714285714286,"lasso",56
"Batch",0.2,"rf",56
"ComBat",0.128571428571429,"rf",56
"Avg",0.157142857142857,"rf",56
"n_Avg",0.157142857142857,"rf",56
"CS_Avg",0.0714285714285714,"rf",56
"Reg_a",0.214285714285714,"rf",56
"Reg_s",0.342857142857143,"rf",56
"Batch",0.0857142857142857,"svm",56
"ComBat",0.171428571428571,"svm",56
"Avg",0.1,"svm",56
"n_Avg",0.157142857142857,"svm",56
"CS_Avg",0.0857142857142857,"svm",56
"Reg_a",0.157142857142857,"svm",56
"Reg_s",0.271428571428571,"svm",56
"Batch",0.2,"crossmod",56
"ComBat",0.128571428571429,"crossmod",56
"Avg",0.157142857142857,"crossmod",56
"n_Avg",0.214285714285714,"crossmod",56
"CS_Avg",0.0857142857142857,"crossmod",56
"Reg_a",0.157142857142857,"crossmod",56
"Reg_s",0.328571428571429,"crossmod",56
"Batch",0.128571428571429,"lasso",57
"ComBat",0.228571428571429,"lasso",57
"Avg",0.242857142857143,"lasso",57
"n_Avg",0.3,"lasso",57
"CS_Avg",0.128571428571429,"lasso",57
"Reg_a",0.185714285714286,"lasso",57
"Reg_s",0.271428571428571,"lasso",57
"Batch",0.228571428571429,"rf",57
"ComBat",0.128571428571429,"rf",57
"Avg",0.0857142857142857,"rf",57
"n_Avg",0.185714285714286,"rf",57
"CS_Avg",0.0714285714285714,"rf",57
"Reg_a",0.242857142857143,"rf",57
"Reg_s",0.385714285714286,"rf",57
"Batch",0.114285714285714,"svm",57
"ComBat",0.2,"svm",57
"Avg",0.0857142857142857,"svm",57
"n_Avg",0.142857142857143,"svm",57
"CS_Avg",0.0857142857142857,"svm",57
"Reg_a",0.185714285714286,"svm",57
"Reg_s",0.242857142857143,"svm",57
"Batch",0.228571428571429,"crossmod",57
"ComBat",0.128571428571429,"crossmod",57
"Avg",0.0857142857142857,"crossmod",57
"n_Avg",0.2,"crossmod",57
"CS_Avg",0.0714285714285714,"crossmod",57
"Reg_a",0.128571428571429,"crossmod",57
"Reg_s",0.342857142857143,"crossmod",57
"Batch",0.0571428571428571,"lasso",58
"ComBat",0.1,"lasso",58
"Avg",0.142857142857143,"lasso",58
"n_Avg",0.114285714285714,"lasso",58
"CS_Avg",0.214285714285714,"lasso",58
"Reg_a",0.142857142857143,"lasso",58
"Reg_s",0.128571428571429,"lasso",58
"Batch",0.2,"rf",58
"ComBat",0.128571428571429,"rf",58
"Avg",0.1,"rf",58
"n_Avg",0.114285714285714,"rf",58
"CS_Avg",0.2,"rf",58
"Reg_a",0.114285714285714,"rf",58
"Reg_s",0.214285714285714,"rf",58
"Batch",0.1,"svm",58
"ComBat",0.114285714285714,"svm",58
"Avg",0.128571428571429,"svm",58
"n_Avg",0.114285714285714,"svm",58
"CS_Avg",0.2,"svm",58
"Reg_a",0.114285714285714,"svm",58
"Reg_s",0.171428571428571,"svm",58
"Batch",0.2,"crossmod",58
"ComBat",0.128571428571429,"crossmod",58
"Avg",0.128571428571429,"crossmod",58
"n_Avg",0.114285714285714,"crossmod",58
"CS_Avg",0.128571428571429,"crossmod",58
"Reg_a",0.114285714285714,"crossmod",58
"Reg_s",0.171428571428571,"crossmod",58
"Batch",0.0142857142857143,"lasso",59
"ComBat",0.128571428571429,"lasso",59
"Avg",0.0285714285714286,"lasso",59
"n_Avg",0.1,"lasso",59
"CS_Avg",0.1,"lasso",59
"Reg_a",0.0571428571428571,"lasso",59
"Reg_s",0.1,"lasso",59
"Batch",0.142857142857143,"rf",59
"ComBat",0.0571428571428571,"rf",59
"Avg",0.0142857142857143,"rf",59
"n_Avg",0.0285714285714286,"rf",59
"CS_Avg",0.1,"rf",59
"Reg_a",0.0571428571428571,"rf",59
"Reg_s",0.228571428571429,"rf",59
"Batch",0.0714285714285714,"svm",59
"ComBat",0.0571428571428571,"svm",59
"Avg",0.0142857142857143,"svm",59
"n_Avg",0.0428571428571429,"svm",59
"CS_Avg",0.0857142857142857,"svm",59
"Reg_a",0.0428571428571429,"svm",59
"Reg_s",0.171428571428571,"svm",59
"Batch",0.142857142857143,"crossmod",59
"ComBat",0.0571428571428571,"crossmod",59
"Avg",0.0142857142857143,"crossmod",59
"n_Avg",0.0285714285714286,"crossmod",59
"CS_Avg",0.0428571428571429,"crossmod",59
"Reg_a",0.0428571428571429,"crossmod",59
"Reg_s",0.2,"crossmod",59
"Batch",0.142857142857143,"lasso",60
"ComBat",0.257142857142857,"lasso",60
"Avg",0.214285714285714,"lasso",60
"n_Avg",0.242857142857143,"lasso",60
"CS_Avg",0.157142857142857,"lasso",60
"Reg_a",0.157142857142857,"lasso",60
"Reg_s",0.228571428571429,"lasso",60
"Batch",0.157142857142857,"rf",60
"ComBat",0.114285714285714,"rf",60
"Avg",0.114285714285714,"rf",60
"n_Avg",0.128571428571429,"rf",60
"CS_Avg",0.0714285714285714,"rf",60
"Reg_a",0.171428571428571,"rf",60
"Reg_s",0.428571428571429,"rf",60
"Batch",0.142857142857143,"svm",60
"ComBat",0.157142857142857,"svm",60
"Avg",0.1,"svm",60
"n_Avg",0.142857142857143,"svm",60
"CS_Avg",0.0571428571428571,"svm",60
"Reg_a",0.128571428571429,"svm",60
"Reg_s",0.271428571428571,"svm",60
"Batch",0.157142857142857,"crossmod",60
"ComBat",0.114285714285714,"crossmod",60
"Avg",0.114285714285714,"crossmod",60
"n_Avg",0.185714285714286,"crossmod",60
"CS_Avg",0.1,"crossmod",60
"Reg_a",0.128571428571429,"crossmod",60
"Reg_s",0.314285714285714,"crossmod",60
"Batch",0.0857142857142857,"lasso",61
"ComBat",0.114285714285714,"lasso",61
"Avg",0.0857142857142857,"lasso",61
"n_Avg",0.128571428571429,"lasso",61
"CS_Avg",0.157142857142857,"lasso",61
"Reg_a",0.114285714285714,"lasso",61
"Reg_s",0.142857142857143,"lasso",61
"Batch",0.185714285714286,"rf",61
"ComBat",0.0714285714285714,"rf",61
"Avg",0.0714285714285714,"rf",61
"n_Avg",0.0571428571428571,"rf",61
"CS_Avg",0.2,"rf",61
"Reg_a",0.0571428571428571,"rf",61
"Reg_s",0.242857142857143,"rf",61
"Batch",0.0571428571428571,"svm",61
"ComBat",0.0714285714285714,"svm",61
"Avg",0.0428571428571429,"svm",61
"n_Avg",0.0428571428571429,"svm",61
"CS_Avg",0.157142857142857,"svm",61
"Reg_a",0.0428571428571429,"svm",61
"Reg_s",0.128571428571429,"svm",61
"Batch",0.185714285714286,"crossmod",61
"ComBat",0.0714285714285714,"crossmod",61
"Avg",0.0428571428571429,"crossmod",61
"n_Avg",0.0571428571428571,"crossmod",61
"CS_Avg",0.128571428571429,"crossmod",61
"Reg_a",0.0428571428571429,"crossmod",61
"Reg_s",0.171428571428571,"crossmod",61
"Batch",0.142857142857143,"lasso",62
"ComBat",0.228571428571429,"lasso",62
"Avg",0.2,"lasso",62
"n_Avg",0.271428571428571,"lasso",62
"CS_Avg",0.0571428571428571,"lasso",62
"Reg_a",0.157142857142857,"lasso",62
"Reg_s",0.257142857142857,"lasso",62
"Batch",0.157142857142857,"rf",62
"ComBat",0.0428571428571429,"rf",62
"Avg",0.0428571428571429,"rf",62
"n_Avg",0.185714285714286,"rf",62
"CS_Avg",0.0714285714285714,"rf",62
"Reg_a",0.214285714285714,"rf",62
"Reg_s",0.485714285714286,"rf",62
"Batch",0.114285714285714,"svm",62
"ComBat",0.185714285714286,"svm",62
"Avg",0.0428571428571429,"svm",62
"n_Avg",0.114285714285714,"svm",62
"CS_Avg",0.0571428571428571,"svm",62
"Reg_a",0.114285714285714,"svm",62
"Reg_s",0.3,"svm",62
"Batch",0.157142857142857,"crossmod",62
"ComBat",0.0428571428571429,"crossmod",62
"Avg",0.0571428571428571,"crossmod",62
"n_Avg",0.128571428571429,"crossmod",62
"CS_Avg",0.0428571428571429,"crossmod",62
"Reg_a",0.114285714285714,"crossmod",62
"Reg_s",0.414285714285714,"crossmod",62
"Batch",0.0285714285714286,"lasso",63
"ComBat",0.114285714285714,"lasso",63
"Avg",0.0857142857142857,"lasso",63
"n_Avg",0.114285714285714,"lasso",63
"CS_Avg",0.0857142857142857,"lasso",63
"Reg_a",0.1,"lasso",63
"Reg_s",0.1,"lasso",63
"Batch",0.128571428571429,"rf",63
"ComBat",0.0714285714285714,"rf",63
"Avg",0.0428571428571429,"rf",63
"n_Avg",0.0571428571428571,"rf",63
"CS_Avg",0.157142857142857,"rf",63
"Reg_a",0.0714285714285714,"rf",63
"Reg_s",0.214285714285714,"rf",63
"Batch",0.0714285714285714,"svm",63
"ComBat",0.0714285714285714,"svm",63
"Avg",0.0285714285714286,"svm",63
"n_Avg",0.0285714285714286,"svm",63
"CS_Avg",0.142857142857143,"svm",63
"Reg_a",0.0285714285714286,"svm",63
"Reg_s",0.157142857142857,"svm",63
"Batch",0.128571428571429,"crossmod",63
"ComBat",0.0714285714285714,"crossmod",63
"Avg",0.0285714285714286,"crossmod",63
"n_Avg",0.0571428571428571,"crossmod",63
"CS_Avg",0.128571428571429,"crossmod",63
"Reg_a",0.0285714285714286,"crossmod",63
"Reg_s",0.214285714285714,"crossmod",63
"Batch",0.0428571428571429,"lasso",64
"ComBat",0.185714285714286,"lasso",64
"Avg",0.128571428571429,"lasso",64
"n_Avg",0.157142857142857,"lasso",64
"CS_Avg",0.0714285714285714,"lasso",64
"Reg_a",0.142857142857143,"lasso",64
"Reg_s",0.157142857142857,"lasso",64
"Batch",0.2,"rf",64
"ComBat",0.1,"rf",64
"Avg",0.0714285714285714,"rf",64
"n_Avg",0.114285714285714,"rf",64
"CS_Avg",0.114285714285714,"rf",64
"Reg_a",0.128571428571429,"rf",64
"Reg_s",0.242857142857143,"rf",64
"Batch",0.1,"svm",64
"ComBat",0.128571428571429,"svm",64
"Avg",0.0714285714285714,"svm",64
"n_Avg",0.114285714285714,"svm",64
"CS_Avg",0.0857142857142857,"svm",64
"Reg_a",0.114285714285714,"svm",64
"Reg_s",0.2,"svm",64
"Batch",0.2,"crossmod",64
"ComBat",0.1,"crossmod",64
"Avg",0.0714285714285714,"crossmod",64
"n_Avg",0.114285714285714,"crossmod",64
"CS_Avg",0.0857142857142857,"crossmod",64
"Reg_a",0.114285714285714,"crossmod",64
"Reg_s",0.228571428571429,"crossmod",64
"Batch",0.0571428571428571,"lasso",65
"ComBat",0.171428571428571,"lasso",65
"Avg",0.128571428571429,"lasso",65
"n_Avg",0.185714285714286,"lasso",65
"CS_Avg",0.0857142857142857,"lasso",65
"Reg_a",0.0714285714285714,"lasso",65
"Reg_s",0.128571428571429,"lasso",65
"Batch",0.157142857142857,"rf",65
"ComBat",0.0428571428571429,"rf",65
"Avg",0.0428571428571429,"rf",65
"n_Avg",0.0714285714285714,"rf",65
"CS_Avg",0.0571428571428571,"rf",65
"Reg_a",0.0857142857142857,"rf",65
"Reg_s",0.314285714285714,"rf",65
"Batch",0.0428571428571429,"svm",65
"ComBat",0.0857142857142857,"svm",65
"Avg",0.0428571428571429,"svm",65
"n_Avg",0.0714285714285714,"svm",65
"CS_Avg",0.0714285714285714,"svm",65
"Reg_a",0.0714285714285714,"svm",65
"Reg_s",0.2,"svm",65
"Batch",0.157142857142857,"crossmod",65
"ComBat",0.0428571428571429,"crossmod",65
"Avg",0.0571428571428571,"crossmod",65
"n_Avg",0.1,"crossmod",65
"CS_Avg",0.0571428571428571,"crossmod",65
"Reg_a",0.0714285714285714,"crossmod",65
"Reg_s",0.3,"crossmod",65
"Batch",0.157142857142857,"lasso",66
"ComBat",0.171428571428571,"lasso",66
"Avg",0.214285714285714,"lasso",66
"n_Avg",0.228571428571429,"lasso",66
"CS_Avg",0.142857142857143,"lasso",66
"Reg_a",0.142857142857143,"lasso",66
"Reg_s",0.185714285714286,"lasso",66
"Batch",0.242857142857143,"rf",66
"ComBat",0.157142857142857,"rf",66
"Avg",0.157142857142857,"rf",66
"n_Avg",0.171428571428571,"rf",66
"CS_Avg",0.0714285714285714,"rf",66
"Reg_a",0.2,"rf",66
"Reg_s",0.342857142857143,"rf",66
"Batch",0.142857142857143,"svm",66
"ComBat",0.2,"svm",66
"Avg",0.128571428571429,"svm",66
"n_Avg",0.157142857142857,"svm",66
"CS_Avg",0.114285714285714,"svm",66
"Reg_a",0.157142857142857,"svm",66
"Reg_s",0.314285714285714,"svm",66
"Batch",0.242857142857143,"crossmod",66
"ComBat",0.157142857142857,"crossmod",66
"Avg",0.157142857142857,"crossmod",66
"n_Avg",0.185714285714286,"crossmod",66
"CS_Avg",0.0857142857142857,"crossmod",66
"Reg_a",0.157142857142857,"crossmod",66
"Reg_s",0.371428571428571,"crossmod",66
"Batch",0.0857142857142857,"lasso",67
"ComBat",0.214285714285714,"lasso",67
"Avg",0.214285714285714,"lasso",67
"n_Avg",0.214285714285714,"lasso",67
"CS_Avg",0.157142857142857,"lasso",67
"Reg_a",0.2,"lasso",67
"Reg_s",0.242857142857143,"lasso",67
"Batch",0.128571428571429,"rf",67
"ComBat",0.0857142857142857,"rf",67
"Avg",0.128571428571429,"rf",67
"n_Avg",0.128571428571429,"rf",67
"CS_Avg",0.0428571428571429,"rf",67
"Reg_a",0.142857142857143,"rf",67
"Reg_s",0.285714285714286,"rf",67
"Batch",0.157142857142857,"svm",67
"ComBat",0.171428571428571,"svm",67
"Avg",0.1,"svm",67
"n_Avg",0.128571428571429,"svm",67
"CS_Avg",0.128571428571429,"svm",67
"Reg_a",0.128571428571429,"svm",67
"Reg_s",0.257142857142857,"svm",67
"Batch",0.128571428571429,"crossmod",67
"ComBat",0.0857142857142857,"crossmod",67
"Avg",0.128571428571429,"crossmod",67
"n_Avg",0.142857142857143,"crossmod",67
"CS_Avg",0.0857142857142857,"crossmod",67
"Reg_a",0.128571428571429,"crossmod",67
"Reg_s",0.3,"crossmod",67
"Batch",0.114285714285714,"lasso",68
"ComBat",0.271428571428571,"lasso",68
"Avg",0.171428571428571,"lasso",68
"n_Avg",0.2,"lasso",68
"CS_Avg",0.114285714285714,"lasso",68
"Reg_a",0.114285714285714,"lasso",68
"Reg_s",0.171428571428571,"lasso",68
"Batch",0.214285714285714,"rf",68
"ComBat",0.1,"rf",68
"Avg",0.0714285714285714,"rf",68
"n_Avg",0.0857142857142857,"rf",68
"CS_Avg",0.0571428571428571,"rf",68
"Reg_a",0.142857142857143,"rf",68
"Reg_s",0.314285714285714,"rf",68
"Batch",0.0857142857142857,"svm",68
"ComBat",0.114285714285714,"svm",68
"Avg",0.0714285714285714,"svm",68
"n_Avg",0.0857142857142857,"svm",68
"CS_Avg",0.0571428571428571,"svm",68
"Reg_a",0.0857142857142857,"svm",68
"Reg_s",0.2,"svm",68
"Batch",0.214285714285714,"crossmod",68
"ComBat",0.1,"crossmod",68
"Avg",0.0714285714285714,"crossmod",68
"n_Avg",0.171428571428571,"crossmod",68
"CS_Avg",0.0571428571428571,"crossmod",68
"Reg_a",0.0857142857142857,"crossmod",68
"Reg_s",0.3,"crossmod",68
"Batch",0.0428571428571429,"lasso",69
"ComBat",0.1,"lasso",69
"Avg",0.1,"lasso",69
"n_Avg",0.1,"lasso",69
"CS_Avg",0.128571428571429,"lasso",69
"Reg_a",0.0571428571428571,"lasso",69
"Reg_s",0.0857142857142857,"lasso",69
"Batch",0.214285714285714,"rf",69
"ComBat",0.0714285714285714,"rf",69
"Avg",0.0714285714285714,"rf",69
"n_Avg",0.0857142857142857,"rf",69
"CS_Avg",0.142857142857143,"rf",69
"Reg_a",0.0857142857142857,"rf",69
"Reg_s",0.2,"rf",69
"Batch",0.171428571428571,"svm",69
"ComBat",0.142857142857143,"svm",69
"Avg",0.0857142857142857,"svm",69
"n_Avg",0.0571428571428571,"svm",69
"CS_Avg",0.114285714285714,"svm",69
"Reg_a",0.0571428571428571,"svm",69
"Reg_s",0.214285714285714,"svm",69
"Batch",0.214285714285714,"crossmod",69
"ComBat",0.0714285714285714,"crossmod",69
"Avg",0.0571428571428571,"crossmod",69
"n_Avg",0.0857142857142857,"crossmod",69
"CS_Avg",0.114285714285714,"crossmod",69
"Reg_a",0.0571428571428571,"crossmod",69
"Reg_s",0.228571428571429,"crossmod",69
"Batch",0.0428571428571429,"lasso",70
"ComBat",0.171428571428571,"lasso",70
"Avg",0.171428571428571,"lasso",70
"n_Avg",0.214285714285714,"lasso",70
"CS_Avg",0.0857142857142857,"lasso",70
"Reg_a",0.185714285714286,"lasso",70
"Reg_s",0.2,"lasso",70
"Batch",0.171428571428571,"rf",70
"ComBat",0.114285714285714,"rf",70
"Avg",0.114285714285714,"rf",70
"n_Avg",0.128571428571429,"rf",70
"CS_Avg",0.0571428571428571,"rf",70
"Reg_a",0.185714285714286,"rf",70
"Reg_s",0.357142857142857,"rf",70
"Batch",0.128571428571429,"svm",70
"ComBat",0.128571428571429,"svm",70
"Avg",0.114285714285714,"svm",70
"n_Avg",0.114285714285714,"svm",70
"CS_Avg",0.0714285714285714,"svm",70
"Reg_a",0.114285714285714,"svm",70
"Reg_s",0.271428571428571,"svm",70
"Batch",0.171428571428571,"crossmod",70
"ComBat",0.114285714285714,"crossmod",70
"Avg",0.114285714285714,"crossmod",70
"n_Avg",0.171428571428571,"crossmod",70
"CS_Avg",0.0428571428571429,"crossmod",70
"Reg_a",0.114285714285714,"crossmod",70
"Reg_s",0.385714285714286,"crossmod",70
"Batch",0.128571428571429,"lasso",71
"ComBat",0.157142857142857,"lasso",71
"Avg",0.214285714285714,"lasso",71
"n_Avg",0.228571428571429,"lasso",71
"CS_Avg",0.214285714285714,"lasso",71
"Reg_a",0.2,"lasso",71
"Reg_s",0.214285714285714,"lasso",71
"Batch",0.257142857142857,"rf",71
"ComBat",0.171428571428571,"rf",71
"Avg",0.128571428571429,"rf",71
"n_Avg",0.157142857142857,"rf",71
"CS_Avg",0.157142857142857,"rf",71
"Reg_a",0.157142857142857,"rf",71
"Reg_s",0.328571428571429,"rf",71
"Batch",0.114285714285714,"svm",71
"ComBat",0.114285714285714,"svm",71
"Avg",0.128571428571429,"svm",71
"n_Avg",0.157142857142857,"svm",71
"CS_Avg",0.157142857142857,"svm",71
"Reg_a",0.157142857142857,"svm",71
"Reg_s",0.3,"svm",71
"Batch",0.257142857142857,"crossmod",71
"ComBat",0.171428571428571,"crossmod",71
"Avg",0.157142857142857,"crossmod",71
"n_Avg",0.157142857142857,"crossmod",71
"CS_Avg",0.128571428571429,"crossmod",71
"Reg_a",0.157142857142857,"crossmod",71
"Reg_s",0.3,"crossmod",71
"Batch",0.0285714285714286,"lasso",72
"ComBat",0.214285714285714,"lasso",72
"Avg",0.0857142857142857,"lasso",72
"n_Avg",0.214285714285714,"lasso",72
"CS_Avg",0.0428571428571429,"lasso",72
"Reg_a",0.0857142857142857,"lasso",72
"Reg_s",0.157142857142857,"lasso",72
"Batch",0.157142857142857,"rf",72
"ComBat",0.0571428571428571,"rf",72
"Avg",0.0571428571428571,"rf",72
"n_Avg",0.1,"rf",72
"CS_Avg",0.0857142857142857,"rf",72
"Reg_a",0.128571428571429,"rf",72
"Reg_s",0.328571428571429,"rf",72
"Batch",0.0428571428571429,"svm",72
"ComBat",0.1,"svm",72
"Avg",0.0714285714285714,"svm",72
"n_Avg",0.1,"svm",72
"CS_Avg",0.0285714285714286,"svm",72
"Reg_a",0.1,"svm",72
"Reg_s",0.2,"svm",72
"Batch",0.157142857142857,"crossmod",72
"ComBat",0.0571428571428571,"crossmod",72
"Avg",0.0714285714285714,"crossmod",72
"n_Avg",0.1,"crossmod",72
"CS_Avg",0.0285714285714286,"crossmod",72
"Reg_a",0.1,"crossmod",72
"Reg_s",0.271428571428571,"crossmod",72
"Batch",0.0571428571428571,"lasso",73
"ComBat",0.257142857142857,"lasso",73
"Avg",0.157142857142857,"lasso",73
"n_Avg",0.185714285714286,"lasso",73
"CS_Avg",0.114285714285714,"lasso",73
"Reg_a",0.128571428571429,"lasso",73
"Reg_s",0.1,"lasso",73
"Batch",0.185714285714286,"rf",73
"ComBat",0.171428571428571,"rf",73
"Avg",0.1,"rf",73
"n_Avg",0.1,"rf",73
"CS_Avg",0.0428571428571429,"rf",73
"Reg_a",0.142857142857143,"rf",73
"Reg_s",0.328571428571429,"rf",73
"Batch",0.0571428571428571,"svm",73
"ComBat",0.114285714285714,"svm",73
"Avg",0.0571428571428571,"svm",73
"n_Avg",0.142857142857143,"svm",73
"CS_Avg",0.0857142857142857,"svm",73
"Reg_a",0.142857142857143,"svm",73
"Reg_s",0.214285714285714,"svm",73
"Batch",0.185714285714286,"crossmod",73
"ComBat",0.171428571428571,"crossmod",73
"Avg",0.0571428571428571,"crossmod",73
"n_Avg",0.142857142857143,"crossmod",73
"CS_Avg",0.0428571428571429,"crossmod",73
"Reg_a",0.1,"crossmod",73
"Reg_s",0.257142857142857,"crossmod",73
"Batch",0.128571428571429,"lasso",74
"ComBat",0.228571428571429,"lasso",74
"Avg",0.2,"lasso",74
"n_Avg",0.242857142857143,"lasso",74
"CS_Avg",0.128571428571429,"lasso",74
"Reg_a",0.157142857142857,"lasso",74
"Reg_s",0.185714285714286,"lasso",74
"Batch",0.214285714285714,"rf",74
"ComBat",0.114285714285714,"rf",74
"Avg",0.114285714285714,"rf",74
"n_Avg",0.114285714285714,"rf",74
"CS_Avg",0.1,"rf",74
"Reg_a",0.157142857142857,"rf",74
"Reg_s",0.342857142857143,"rf",74
"Batch",0.114285714285714,"svm",74
"ComBat",0.157142857142857,"svm",74
"Avg",0.1,"svm",74
"n_Avg",0.128571428571429,"svm",74
"CS_Avg",0.1,"svm",74
"Reg_a",0.128571428571429,"svm",74
"Reg_s",0.257142857142857,"svm",74
"Batch",0.214285714285714,"crossmod",74
"ComBat",0.114285714285714,"crossmod",74
"Avg",0.114285714285714,"crossmod",74
"n_Avg",0.142857142857143,"crossmod",74
"CS_Avg",0.0857142857142857,"crossmod",74
"Reg_a",0.114285714285714,"crossmod",74
"Reg_s",0.314285714285714,"crossmod",74
"Batch",0.171428571428571,"lasso",75
"ComBat",0.3,"lasso",75
"Avg",0.214285714285714,"lasso",75
"n_Avg",0.271428571428571,"lasso",75
"CS_Avg",0.0857142857142857,"lasso",75
"Reg_a",0.185714285714286,"lasso",75
"Reg_s",0.257142857142857,"lasso",75
"Batch",0.2,"rf",75
"ComBat",0.0857142857142857,"rf",75
"Avg",0.128571428571429,"rf",75
"n_Avg",0.157142857142857,"rf",75
"CS_Avg",0.0714285714285714,"rf",75
"Reg_a",0.185714285714286,"rf",75
"Reg_s",0.471428571428571,"rf",75
"Batch",0.142857142857143,"svm",75
"ComBat",0.185714285714286,"svm",75
"Avg",0.0714285714285714,"svm",75
"n_Avg",0.157142857142857,"svm",75
"CS_Avg",0.0571428571428571,"svm",75
"Reg_a",0.157142857142857,"svm",75
"Reg_s",0.3,"svm",75
"Batch",0.2,"crossmod",75
"ComBat",0.0857142857142857,"crossmod",75
"Avg",0.128571428571429,"crossmod",75
"n_Avg",0.2,"crossmod",75
"CS_Avg",0.0714285714285714,"crossmod",75
"Reg_a",0.157142857142857,"crossmod",75
"Reg_s",0.342857142857143,"crossmod",75
"Batch",0.114285714285714,"lasso",76
"ComBat",0.2,"lasso",76
"Avg",0.228571428571429,"lasso",76
"n_Avg",0.242857142857143,"lasso",76
"CS_Avg",0.142857142857143,"lasso",76
"Reg_a",0.157142857142857,"lasso",76
"Reg_s",0.171428571428571,"lasso",76
"Batch",0.185714285714286,"rf",76
"ComBat",0.114285714285714,"rf",76
"Avg",0.114285714285714,"rf",76
"n_Avg",0.128571428571429,"rf",76
"CS_Avg",0.1,"rf",76
"Reg_a",0.185714285714286,"rf",76
"Reg_s",0.385714285714286,"rf",76
"Batch",0.128571428571429,"svm",76
"ComBat",0.171428571428571,"svm",76
"Avg",0.1,"svm",76
"n_Avg",0.114285714285714,"svm",76
"CS_Avg",0.0857142857142857,"svm",76
"Reg_a",0.114285714285714,"svm",76
"Reg_s",0.257142857142857,"svm",76
"Batch",0.185714285714286,"crossmod",76
"ComBat",0.114285714285714,"crossmod",76
"Avg",0.114285714285714,"crossmod",76
"n_Avg",0.128571428571429,"crossmod",76
"CS_Avg",0.0571428571428571,"crossmod",76
"Reg_a",0.114285714285714,"crossmod",76
"Reg_s",0.342857142857143,"crossmod",76
"Batch",0.114285714285714,"lasso",77
"ComBat",0.185714285714286,"lasso",77
"Avg",0.214285714285714,"lasso",77
"n_Avg",0.242857142857143,"lasso",77
"CS_Avg",0.142857142857143,"lasso",77
"Reg_a",0.157142857142857,"lasso",77
"Reg_s",0.257142857142857,"lasso",77
"Batch",0.171428571428571,"rf",77
"ComBat",0.0857142857142857,"rf",77
"Avg",0.0857142857142857,"rf",77
"n_Avg",0.157142857142857,"rf",77
"CS_Avg",0.0571428571428571,"rf",77
"Reg_a",0.171428571428571,"rf",77
"Reg_s",0.4,"rf",77
"Batch",0.114285714285714,"svm",77
"ComBat",0.157142857142857,"svm",77
"Avg",0.0857142857142857,"svm",77
"n_Avg",0.142857142857143,"svm",77
"CS_Avg",0.114285714285714,"svm",77
"Reg_a",0.1,"svm",77
"Reg_s",0.228571428571429,"svm",77
"Batch",0.171428571428571,"crossmod",77
"ComBat",0.0857142857142857,"crossmod",77
"Avg",0.0857142857142857,"crossmod",77
"n_Avg",0.185714285714286,"crossmod",77
"CS_Avg",0.0571428571428571,"crossmod",77
"Reg_a",0.1,"crossmod",77
"Reg_s",0.328571428571429,"crossmod",77
"Batch",0.0857142857142857,"lasso",78
"ComBat",0.142857142857143,"lasso",78
"Avg",0.142857142857143,"lasso",78
"n_Avg",0.171428571428571,"lasso",78
"CS_Avg",0.157142857142857,"lasso",78
"Reg_a",0.171428571428571,"lasso",78
"Reg_s",0.142857142857143,"lasso",78
"Batch",0.2,"rf",78
"ComBat",0.0714285714285714,"rf",78
"Avg",0.0714285714285714,"rf",78
"n_Avg",0.0857142857142857,"rf",78
"CS_Avg",0.114285714285714,"rf",78
"Reg_a",0.0857142857142857,"rf",78
"Reg_s",0.257142857142857,"rf",78
"Batch",0.0714285714285714,"svm",78
"ComBat",0.128571428571429,"svm",78
"Avg",0.1,"svm",78
"n_Avg",0.0857142857142857,"svm",78
"CS_Avg",0.114285714285714,"svm",78
"Reg_a",0.0857142857142857,"svm",78
"Reg_s",0.214285714285714,"svm",78
"Batch",0.2,"crossmod",78
"ComBat",0.0714285714285714,"crossmod",78
"Avg",0.1,"crossmod",78
"n_Avg",0.0857142857142857,"crossmod",78
"CS_Avg",0.114285714285714,"crossmod",78
"Reg_a",0.0857142857142857,"crossmod",78
"Reg_s",0.257142857142857,"crossmod",78
"Batch",0.0571428571428571,"lasso",79
"ComBat",0.128571428571429,"lasso",79
"Avg",0.142857142857143,"lasso",79
"n_Avg",0.185714285714286,"lasso",79
"CS_Avg",0.114285714285714,"lasso",79
"Reg_a",0.0857142857142857,"lasso",79
"Reg_s",0.171428571428571,"lasso",79
"Batch",0.185714285714286,"rf",79
"ComBat",0.0714285714285714,"rf",79
"Avg",0.0714285714285714,"rf",79
"n_Avg",0.0714285714285714,"rf",79
"CS_Avg",0.0714285714285714,"rf",79
"Reg_a",0.157142857142857,"rf",79
"Reg_s",0.257142857142857,"rf",79
"Batch",0.0571428571428571,"svm",79
"ComBat",0.0714285714285714,"svm",79
"Avg",0.0571428571428571,"svm",79
"n_Avg",0.0857142857142857,"svm",79
"CS_Avg",0.0714285714285714,"svm",79
"Reg_a",0.0857142857142857,"svm",79
"Reg_s",0.214285714285714,"svm",79
"Batch",0.185714285714286,"crossmod",79
"ComBat",0.0714285714285714,"crossmod",79
"Avg",0.0571428571428571,"crossmod",79
"n_Avg",0.1,"crossmod",79
"CS_Avg",0.0428571428571429,"crossmod",79
"Reg_a",0.0714285714285714,"crossmod",79
"Reg_s",0.257142857142857,"crossmod",79
"Batch",0.142857142857143,"lasso",80
"ComBat",0.328571428571429,"lasso",80
"Avg",0.214285714285714,"lasso",80
"n_Avg",0.342857142857143,"lasso",80
"CS_Avg",0.0714285714285714,"lasso",80
"Reg_a",0.142857142857143,"lasso",80
"Reg_s",0.257142857142857,"lasso",80
"Batch",0.2,"rf",80
"ComBat",0.142857142857143,"rf",80
"Avg",0.142857142857143,"rf",80
"n_Avg",0.185714285714286,"rf",80
"CS_Avg",0.1,"rf",80
"Reg_a",0.214285714285714,"rf",80
"Reg_s",0.514285714285714,"rf",80
"Batch",0.142857142857143,"svm",80
"ComBat",0.2,"svm",80
"Avg",0.114285714285714,"svm",80
"n_Avg",0.185714285714286,"svm",80
"CS_Avg",0.0428571428571429,"svm",80
"Reg_a",0.171428571428571,"svm",80
"Reg_s",0.3,"svm",80
"Batch",0.2,"crossmod",80
"ComBat",0.142857142857143,"crossmod",80
"Avg",0.142857142857143,"crossmod",80
"n_Avg",0.2,"crossmod",80
"CS_Avg",0.0571428571428571,"crossmod",80
"Reg_a",0.171428571428571,"crossmod",80
"Reg_s",0.4,"crossmod",80
"Batch",0.0571428571428571,"lasso",81
"ComBat",0.128571428571429,"lasso",81
"Avg",0.1,"lasso",81
"n_Avg",0.171428571428571,"lasso",81
"CS_Avg",0.142857142857143,"lasso",81
"Reg_a",0.157142857142857,"lasso",81
"Reg_s",0.228571428571429,"lasso",81
"Batch",0.257142857142857,"rf",81
"ComBat",0.0571428571428571,"rf",81
"Avg",0.0571428571428571,"rf",81
"n_Avg",0.0571428571428571,"rf",81
"CS_Avg",0.1,"rf",81
"Reg_a",0.0857142857142857,"rf",81
"Reg_s",0.257142857142857,"rf",81
"Batch",0.128571428571429,"svm",81
"ComBat",0.0714285714285714,"svm",81
"Avg",0.114285714285714,"svm",81
"n_Avg",0.0857142857142857,"svm",81
"CS_Avg",0.114285714285714,"svm",81
"Reg_a",0.0857142857142857,"svm",81
"Reg_s",0.157142857142857,"svm",81
"Batch",0.257142857142857,"crossmod",81
"ComBat",0.0571428571428571,"crossmod",81
"Avg",0.114285714285714,"crossmod",81
"n_Avg",0.0857142857142857,"crossmod",81
"CS_Avg",0.0714285714285714,"crossmod",81
"Reg_a",0.0857142857142857,"crossmod",81
"Reg_s",0.214285714285714,"crossmod",81
"Batch",0.0428571428571429,"lasso",82
"ComBat",0.1,"lasso",82
"Avg",0.0857142857142857,"lasso",82
"n_Avg",0.157142857142857,"lasso",82
"CS_Avg",0.171428571428571,"lasso",82
"Reg_a",0.142857142857143,"lasso",82
"Reg_s",0.128571428571429,"lasso",82
"Batch",0.228571428571429,"rf",82
"ComBat",0.1,"rf",82
"Avg",0.1,"rf",82
"n_Avg",0.1,"rf",82
"CS_Avg",0.0571428571428571,"rf",82
"Reg_a",0.114285714285714,"rf",82
"Reg_s",0.228571428571429,"rf",82
"Batch",0.0571428571428571,"svm",82
"ComBat",0.114285714285714,"svm",82
"Avg",0.0714285714285714,"svm",82
"n_Avg",0.0857142857142857,"svm",82
"CS_Avg",0.0428571428571429,"svm",82
"Reg_a",0.0857142857142857,"svm",82
"Reg_s",0.185714285714286,"svm",82
"Batch",0.228571428571429,"crossmod",82
"ComBat",0.1,"crossmod",82
"Avg",0.0857142857142857,"crossmod",82
"n_Avg",0.114285714285714,"crossmod",82
"CS_Avg",0.0571428571428571,"crossmod",82
"Reg_a",0.0857142857142857,"crossmod",82
"Reg_s",0.257142857142857,"crossmod",82
"Batch",0.114285714285714,"lasso",83
"ComBat",0.185714285714286,"lasso",83
"Avg",0.214285714285714,"lasso",83
"n_Avg",0.242857142857143,"lasso",83
"CS_Avg",0.2,"lasso",83
"Reg_a",0.2,"lasso",83
"Reg_s",0.2,"lasso",83
"Batch",0.185714285714286,"rf",83
"ComBat",0.0571428571428571,"rf",83
"Avg",0.1,"rf",83
"n_Avg",0.114285714285714,"rf",83
"CS_Avg",0.0571428571428571,"rf",83
"Reg_a",0.128571428571429,"rf",83
"Reg_s",0.314285714285714,"rf",83
"Batch",0.1,"svm",83
"ComBat",0.142857142857143,"svm",83
"Avg",0.1,"svm",83
"n_Avg",0.128571428571429,"svm",83
"CS_Avg",0.114285714285714,"svm",83
"Reg_a",0.128571428571429,"svm",83
"Reg_s",0.271428571428571,"svm",83
"Batch",0.185714285714286,"crossmod",83
"ComBat",0.0571428571428571,"crossmod",83
"Avg",0.1,"crossmod",83
"n_Avg",0.171428571428571,"crossmod",83
"CS_Avg",0.114285714285714,"crossmod",83
"Reg_a",0.114285714285714,"crossmod",83
"Reg_s",0.314285714285714,"crossmod",83
"Batch",0.114285714285714,"lasso",84
"ComBat",0.228571428571429,"lasso",84
"Avg",0.171428571428571,"lasso",84
"n_Avg",0.185714285714286,"lasso",84
"CS_Avg",0.1,"lasso",84
"Reg_a",0.114285714285714,"lasso",84
"Reg_s",0.185714285714286,"lasso",84
"Batch",0.142857142857143,"rf",84
"ComBat",0.0857142857142857,"rf",84
"Avg",0.1,"rf",84
"n_Avg",0.128571428571429,"rf",84
"CS_Avg",0.0857142857142857,"rf",84
"Reg_a",0.185714285714286,"rf",84
"Reg_s",0.314285714285714,"rf",84
"Batch",0.0857142857142857,"svm",84
"ComBat",0.128571428571429,"svm",84
"Avg",0.1,"svm",84
"n_Avg",0.128571428571429,"svm",84
"CS_Avg",0.114285714285714,"svm",84
"Reg_a",0.128571428571429,"svm",84
"Reg_s",0.214285714285714,"svm",84
"Batch",0.142857142857143,"crossmod",84
"ComBat",0.0857142857142857,"crossmod",84
"Avg",0.1,"crossmod",84
"n_Avg",0.157142857142857,"crossmod",84
"CS_Avg",0.0857142857142857,"crossmod",84
"Reg_a",0.128571428571429,"crossmod",84
"Reg_s",0.3,"crossmod",84
"Batch",0.0857142857142857,"lasso",85
"ComBat",0.114285714285714,"lasso",85
"Avg",0.0714285714285714,"lasso",85
"n_Avg",0.1,"lasso",85
"CS_Avg",0.142857142857143,"lasso",85
"Reg_a",0.128571428571429,"lasso",85
"Reg_s",0.128571428571429,"lasso",85
"Batch",0.285714285714286,"rf",85
"ComBat",0.0857142857142857,"rf",85
"Avg",0.1,"rf",85
"n_Avg",0.1,"rf",85
"CS_Avg",0.2,"rf",85
"Reg_a",0.0571428571428571,"rf",85
"Reg_s",0.185714285714286,"rf",85
"Batch",0.0714285714285714,"svm",85
"ComBat",0.0142857142857143,"svm",85
"Avg",0.1,"svm",85
"n_Avg",0.1,"svm",85
"CS_Avg",0.128571428571429,"svm",85
"Reg_a",0.1,"svm",85
"Reg_s",0.142857142857143,"svm",85
"Batch",0.285714285714286,"crossmod",85
"ComBat",0.0857142857142857,"crossmod",85
"Avg",0.0857142857142857,"crossmod",85
"n_Avg",0.0571428571428571,"crossmod",85
"CS_Avg",0.157142857142857,"crossmod",85
"Reg_a",0.1,"crossmod",85
"Reg_s",0.185714285714286,"crossmod",85
"Batch",0.142857142857143,"lasso",86
"ComBat",0.2,"lasso",86
"Avg",0.128571428571429,"lasso",86
"n_Avg",0.171428571428571,"lasso",86
"CS_Avg",0.128571428571429,"lasso",86
"Reg_a",0.142857142857143,"lasso",86
"Reg_s",0.128571428571429,"lasso",86
"Batch",0.2,"rf",86
"ComBat",0.114285714285714,"rf",86
"Avg",0.1,"rf",86
"n_Avg",0.114285714285714,"rf",86
"CS_Avg",0.0571428571428571,"rf",86
"Reg_a",0.114285714285714,"rf",86
"Reg_s",0.3,"rf",86
"Batch",0.0571428571428571,"svm",86
"ComBat",0.114285714285714,"svm",86
"Avg",0.1,"svm",86
"n_Avg",0.114285714285714,"svm",86
"CS_Avg",0.0714285714285714,"svm",86
"Reg_a",0.114285714285714,"svm",86
"Reg_s",0.228571428571429,"svm",86
"Batch",0.2,"crossmod",86
"ComBat",0.114285714285714,"crossmod",86
"Avg",0.1,"crossmod",86
"n_Avg",0.157142857142857,"crossmod",86
"CS_Avg",0.0571428571428571,"crossmod",86
"Reg_a",0.114285714285714,"crossmod",86
"Reg_s",0.3,"crossmod",86
"Batch",0.0714285714285714,"lasso",87
"ComBat",0.242857142857143,"lasso",87
"Avg",0.2,"lasso",87
"n_Avg",0.257142857142857,"lasso",87
"CS_Avg",0.114285714285714,"lasso",87
"Reg_a",0.128571428571429,"lasso",87
"Reg_s",0.214285714285714,"lasso",87
"Batch",0.214285714285714,"rf",87
"ComBat",0.1,"rf",87
"Avg",0.157142857142857,"rf",87
"n_Avg",0.142857142857143,"rf",87
"CS_Avg",0.0714285714285714,"rf",87
"Reg_a",0.171428571428571,"rf",87
"Reg_s",0.357142857142857,"rf",87
"Batch",0.1,"svm",87
"ComBat",0.142857142857143,"svm",87
"Avg",0.1,"svm",87
"n_Avg",0.114285714285714,"svm",87
"CS_Avg",0.0714285714285714,"svm",87
"Reg_a",0.114285714285714,"svm",87
"Reg_s",0.342857142857143,"svm",87
"Batch",0.214285714285714,"crossmod",87
"ComBat",0.1,"crossmod",87
"Avg",0.1,"crossmod",87
"n_Avg",0.157142857142857,"crossmod",87
"CS_Avg",0.0714285714285714,"crossmod",87
"Reg_a",0.114285714285714,"crossmod",87
"Reg_s",0.371428571428571,"crossmod",87
"Batch",0.0857142857142857,"lasso",88
"ComBat",0.257142857142857,"lasso",88
"Avg",0.128571428571429,"lasso",88
"n_Avg",0.171428571428571,"lasso",88
"CS_Avg",0.1,"lasso",88
"Reg_a",0.1,"lasso",88
"Reg_s",0.114285714285714,"lasso",88
"Batch",0.128571428571429,"rf",88
"ComBat",0.0571428571428571,"rf",88
"Avg",0.0714285714285714,"rf",88
"n_Avg",0.0857142857142857,"rf",88
"CS_Avg",0.0571428571428571,"rf",88
"Reg_a",0.185714285714286,"rf",88
"Reg_s",0.371428571428571,"rf",88
"Batch",0.1,"svm",88
"ComBat",0.157142857142857,"svm",88
"Avg",0.0714285714285714,"svm",88
"n_Avg",0.1,"svm",88
"CS_Avg",0.0428571428571429,"svm",88
"Reg_a",0.1,"svm",88
"Reg_s",0.157142857142857,"svm",88
"Batch",0.128571428571429,"crossmod",88
"ComBat",0.0571428571428571,"crossmod",88
"Avg",0.0714285714285714,"crossmod",88
"n_Avg",0.1,"crossmod",88
"CS_Avg",0.0571428571428571,"crossmod",88
"Reg_a",0.1,"crossmod",88
"Reg_s",0.3,"crossmod",88
"Batch",0.171428571428571,"lasso",89
"ComBat",0.228571428571429,"lasso",89
"Avg",0.171428571428571,"lasso",89
"n_Avg",0.185714285714286,"lasso",89
"CS_Avg",0.228571428571429,"lasso",89
"Reg_a",0.2,"lasso",89
"Reg_s",0.171428571428571,"lasso",89
"Batch",0.314285714285714,"rf",89
"ComBat",0.142857142857143,"rf",89
"Avg",0.142857142857143,"rf",89
"n_Avg",0.157142857142857,"rf",89
"CS_Avg",0.114285714285714,"rf",89
"Reg_a",0.157142857142857,"rf",89
"Reg_s",0.314285714285714,"rf",89
"Batch",0.157142857142857,"svm",89
"ComBat",0.228571428571429,"svm",89
"Avg",0.142857142857143,"svm",89
"n_Avg",0.157142857142857,"svm",89
"CS_Avg",0.142857142857143,"svm",89
"Reg_a",0.157142857142857,"svm",89
"Reg_s",0.214285714285714,"svm",89
"Batch",0.314285714285714,"crossmod",89
"ComBat",0.142857142857143,"crossmod",89
"Avg",0.157142857142857,"crossmod",89
"n_Avg",0.157142857142857,"crossmod",89
"CS_Avg",0.128571428571429,"crossmod",89
"Reg_a",0.157142857142857,"crossmod",89
"Reg_s",0.285714285714286,"crossmod",89
"Batch",0.0714285714285714,"lasso",90
"ComBat",0.157142857142857,"lasso",90
"Avg",0.1,"lasso",90
"n_Avg",0.142857142857143,"lasso",90
"CS_Avg",0.114285714285714,"lasso",90
"Reg_a",0.0857142857142857,"lasso",90
"Reg_s",0.114285714285714,"lasso",90
"Batch",0.2,"rf",90
"ComBat",0.0714285714285714,"rf",90
"Avg",0.0714285714285714,"rf",90
"n_Avg",0.0857142857142857,"rf",90
"CS_Avg",0.0714285714285714,"rf",90
"Reg_a",0.0857142857142857,"rf",90
"Reg_s",0.314285714285714,"rf",90
"Batch",0.0857142857142857,"svm",90
"ComBat",0.0857142857142857,"svm",90
"Avg",0.0714285714285714,"svm",90
"n_Avg",0.0857142857142857,"svm",90
"CS_Avg",0.0571428571428571,"svm",90
"Reg_a",0.0857142857142857,"svm",90
"Reg_s",0.2,"svm",90
"Batch",0.2,"crossmod",90
"ComBat",0.0714285714285714,"crossmod",90
"Avg",0.0714285714285714,"crossmod",90
"n_Avg",0.0857142857142857,"crossmod",90
"CS_Avg",0.0714285714285714,"crossmod",90
"Reg_a",0.0857142857142857,"crossmod",90
"Reg_s",0.257142857142857,"crossmod",90
"Batch",0.214285714285714,"lasso",91
"ComBat",0.328571428571429,"lasso",91
"Avg",0.3,"lasso",91
"n_Avg",0.314285714285714,"lasso",91
"CS_Avg",0.185714285714286,"lasso",91
"Reg_a",0.228571428571429,"lasso",91
"Reg_s",0.257142857142857,"lasso",91
"Batch",0.214285714285714,"rf",91
"ComBat",0.171428571428571,"rf",91
"Avg",0.171428571428571,"rf",91
"n_Avg",0.185714285714286,"rf",91
"CS_Avg",0.157142857142857,"rf",91
"Reg_a",0.2,"rf",91
"Reg_s",0.428571428571429,"rf",91
"Batch",0.157142857142857,"svm",91
"ComBat",0.214285714285714,"svm",91
"Avg",0.142857142857143,"svm",91
"n_Avg",0.171428571428571,"svm",91
"CS_Avg",0.128571428571429,"svm",91
"Reg_a",0.171428571428571,"svm",91
"Reg_s",0.257142857142857,"svm",91
"Batch",0.214285714285714,"crossmod",91
"ComBat",0.171428571428571,"crossmod",91
"Avg",0.171428571428571,"crossmod",91
"n_Avg",0.214285714285714,"crossmod",91
"CS_Avg",0.128571428571429,"crossmod",91
"Reg_a",0.171428571428571,"crossmod",91
"Reg_s",0.371428571428571,"crossmod",91
"Batch",0.1,"lasso",92
"ComBat",0.128571428571429,"lasso",92
"Avg",0.128571428571429,"lasso",92
"n_Avg",0.228571428571429,"lasso",92
"CS_Avg",0.142857142857143,"lasso",92
"Reg_a",0.157142857142857,"lasso",92
"Reg_s",0.242857142857143,"lasso",92
"Batch",0.2,"rf",92
"ComBat",0.114285714285714,"rf",92
"Avg",0.114285714285714,"rf",92
"n_Avg",0.1,"rf",92
"CS_Avg",0.142857142857143,"rf",92
"Reg_a",0.114285714285714,"rf",92
"Reg_s",0.271428571428571,"rf",92
"Batch",0.0714285714285714,"svm",92
"ComBat",0.114285714285714,"svm",92
"Avg",0.0857142857142857,"svm",92
"n_Avg",0.1,"svm",92
"CS_Avg",0.128571428571429,"svm",92
"Reg_a",0.1,"svm",92
"Reg_s",0.257142857142857,"svm",92
"Batch",0.2,"crossmod",92
"ComBat",0.114285714285714,"crossmod",92
"Avg",0.0857142857142857,"crossmod",92
"n_Avg",0.1,"crossmod",92
"CS_Avg",0.128571428571429,"crossmod",92
"Reg_a",0.1,"crossmod",92
"Reg_s",0.3,"crossmod",92
"Batch",0.0857142857142857,"lasso",93
"ComBat",0.2,"lasso",93
"Avg",0.157142857142857,"lasso",93
"n_Avg",0.2,"lasso",93
"CS_Avg",0.2,"lasso",93
"Reg_a",0.142857142857143,"lasso",93
"Reg_s",0.185714285714286,"lasso",93
"Batch",0.157142857142857,"rf",93
"ComBat",0.171428571428571,"rf",93
"Avg",0.1,"rf",93
"n_Avg",0.128571428571429,"rf",93
"CS_Avg",0.128571428571429,"rf",93
"Reg_a",0.157142857142857,"rf",93
"Reg_s",0.314285714285714,"rf",93
"Batch",0.0857142857142857,"svm",93
"ComBat",0.128571428571429,"svm",93
"Avg",0.114285714285714,"svm",93
"n_Avg",0.128571428571429,"svm",93
"CS_Avg",0.114285714285714,"svm",93
"Reg_a",0.128571428571429,"svm",93
"Reg_s",0.228571428571429,"svm",93
"Batch",0.157142857142857,"crossmod",93
"ComBat",0.171428571428571,"crossmod",93
"Avg",0.114285714285714,"crossmod",93
"n_Avg",0.128571428571429,"crossmod",93
"CS_Avg",0.128571428571429,"crossmod",93
"Reg_a",0.128571428571429,"crossmod",93
"Reg_s",0.257142857142857,"crossmod",93
"Batch",0.157142857142857,"lasso",94
"ComBat",0.271428571428571,"lasso",94
"Avg",0.142857142857143,"lasso",94
"n_Avg",0.228571428571429,"lasso",94
"CS_Avg",0.0714285714285714,"lasso",94
"Reg_a",0.142857142857143,"lasso",94
"Reg_s",0.157142857142857,"lasso",94
"Batch",0.157142857142857,"rf",94
"ComBat",0.0714285714285714,"rf",94
"Avg",0.0714285714285714,"rf",94
"n_Avg",0.1,"rf",94
"CS_Avg",0.0571428571428571,"rf",94
"Reg_a",0.142857142857143,"rf",94
"Reg_s",0.342857142857143,"rf",94
"Batch",0.0571428571428571,"svm",94
"ComBat",0.171428571428571,"svm",94
"Avg",0.0714285714285714,"svm",94
"n_Avg",0.114285714285714,"svm",94
"CS_Avg",0.0285714285714286,"svm",94
"Reg_a",0.114285714285714,"svm",94
"Reg_s",0.271428571428571,"svm",94
"Batch",0.157142857142857,"crossmod",94
"ComBat",0.0714285714285714,"crossmod",94
"Avg",0.0714285714285714,"crossmod",94
"n_Avg",0.157142857142857,"crossmod",94
"CS_Avg",0.0428571428571429,"crossmod",94
"Reg_a",0.114285714285714,"crossmod",94
"Reg_s",0.314285714285714,"crossmod",94
"Batch",0.1,"lasso",95
"ComBat",0.214285714285714,"lasso",95
"Avg",0.171428571428571,"lasso",95
"n_Avg",0.2,"lasso",95
"CS_Avg",0.114285714285714,"lasso",95
"Reg_a",0.157142857142857,"lasso",95
"Reg_s",0.171428571428571,"lasso",95
"Batch",0.185714285714286,"rf",95
"ComBat",0.0714285714285714,"rf",95
"Avg",0.1,"rf",95
"n_Avg",0.1,"rf",95
"CS_Avg",0.0714285714285714,"rf",95
"Reg_a",0.142857142857143,"rf",95
"Reg_s",0.371428571428571,"rf",95
"Batch",0.114285714285714,"svm",95
"ComBat",0.157142857142857,"svm",95
"Avg",0.0857142857142857,"svm",95
"n_Avg",0.1,"svm",95
"CS_Avg",0.128571428571429,"svm",95
"Reg_a",0.1,"svm",95
"Reg_s",0.214285714285714,"svm",95
"Batch",0.185714285714286,"crossmod",95
"ComBat",0.0714285714285714,"crossmod",95
"Avg",0.1,"crossmod",95
"n_Avg",0.128571428571429,"crossmod",95
"CS_Avg",0.0857142857142857,"crossmod",95
"Reg_a",0.1,"crossmod",95
"Reg_s",0.357142857142857,"crossmod",95
"Batch",0.0857142857142857,"lasso",96
"ComBat",0.171428571428571,"lasso",96
"Avg",0.185714285714286,"lasso",96
"n_Avg",0.228571428571429,"lasso",96
"CS_Avg",0.1,"lasso",96
"Reg_a",0.0857142857142857,"lasso",96
"Reg_s",0.185714285714286,"lasso",96
"Batch",0.185714285714286,"rf",96
"ComBat",0.0857142857142857,"rf",96
"Avg",0.0857142857142857,"rf",96
"n_Avg",0.142857142857143,"rf",96
"CS_Avg",0.0571428571428571,"rf",96
"Reg_a",0.185714285714286,"rf",96
"Reg_s",0.428571428571429,"rf",96
"Batch",0.114285714285714,"svm",96
"ComBat",0.142857142857143,"svm",96
"Avg",0.0857142857142857,"svm",96
"n_Avg",0.142857142857143,"svm",96
"CS_Avg",0.0571428571428571,"svm",96
"Reg_a",0.142857142857143,"svm",96
"Reg_s",0.242857142857143,"svm",96
"Batch",0.185714285714286,"crossmod",96
"ComBat",0.0857142857142857,"crossmod",96
"Avg",0.0857142857142857,"crossmod",96
"n_Avg",0.157142857142857,"crossmod",96
"CS_Avg",0.0714285714285714,"crossmod",96
"Reg_a",0.142857142857143,"crossmod",96
"Reg_s",0.328571428571429,"crossmod",96
"Batch",0.0857142857142857,"lasso",97
"ComBat",0.114285714285714,"lasso",97
"Avg",0.157142857142857,"lasso",97
"n_Avg",0.242857142857143,"lasso",97
"CS_Avg",0.114285714285714,"lasso",97
"Reg_a",0.114285714285714,"lasso",97
"Reg_s",0.157142857142857,"lasso",97
"Batch",0.157142857142857,"rf",97
"ComBat",0.0285714285714286,"rf",97
"Avg",0.0428571428571429,"rf",97
"n_Avg",0.1,"rf",97
"CS_Avg",0.0714285714285714,"rf",97
"Reg_a",0.114285714285714,"rf",97
"Reg_s",0.328571428571429,"rf",97
"Batch",0.0714285714285714,"svm",97
"ComBat",0.0428571428571429,"svm",97
"Avg",0.0428571428571429,"svm",97
"n_Avg",0.0571428571428571,"svm",97
"CS_Avg",0.0857142857142857,"svm",97
"Reg_a",0.0571428571428571,"svm",97
"Reg_s",0.2,"svm",97
"Batch",0.157142857142857,"crossmod",97
"ComBat",0.0285714285714286,"crossmod",97
"Avg",0.0428571428571429,"crossmod",97
"n_Avg",0.0857142857142857,"crossmod",97
"CS_Avg",0.0285714285714286,"crossmod",97
"Reg_a",0.0571428571428571,"crossmod",97
"Reg_s",0.285714285714286,"crossmod",97
"Batch",0.0428571428571429,"lasso",98
"ComBat",0.171428571428571,"lasso",98
"Avg",0.128571428571429,"lasso",98
"n_Avg",0.171428571428571,"lasso",98
"CS_Avg",0.157142857142857,"lasso",98
"Reg_a",0.128571428571429,"lasso",98
"Reg_s",0.171428571428571,"lasso",98
"Batch",0.242857142857143,"rf",98
"ComBat",0.1,"rf",98
"Avg",0.1,"rf",98
"n_Avg",0.128571428571429,"rf",98
"CS_Avg",0.0571428571428571,"rf",98
"Reg_a",0.142857142857143,"rf",98
"Reg_s",0.228571428571429,"rf",98
"Batch",0.0857142857142857,"svm",98
"ComBat",0.128571428571429,"svm",98
"Avg",0.114285714285714,"svm",98
"n_Avg",0.128571428571429,"svm",98
"CS_Avg",0.1,"svm",98
"Reg_a",0.128571428571429,"svm",98
"Reg_s",0.2,"svm",98
"Batch",0.242857142857143,"crossmod",98
"ComBat",0.1,"crossmod",98
"Avg",0.114285714285714,"crossmod",98
"n_Avg",0.128571428571429,"crossmod",98
"CS_Avg",0.1,"crossmod",98
"Reg_a",0.128571428571429,"crossmod",98
"Reg_s",0.271428571428571,"crossmod",98
"Batch",0.0428571428571429,"lasso",99
"ComBat",0.157142857142857,"lasso",99
"Avg",0.0285714285714286,"lasso",99
"n_Avg",0.0714285714285714,"lasso",99
"CS_Avg",0.1,"lasso",99
"Reg_a",0.0428571428571429,"lasso",99
"Reg_s",0.0857142857142857,"lasso",99
"Batch",0.1,"rf",99
"ComBat",0.0285714285714286,"rf",99
"Avg",0.0285714285714286,"rf",99
"n_Avg",0.0142857142857143,"rf",99
"CS_Avg",0.0714285714285714,"rf",99
"Reg_a",0.0142857142857143,"rf",99
"Reg_s",0.171428571428571,"rf",99
"Batch",0.0571428571428571,"svm",99
"ComBat",0.0142857142857143,"svm",99
"Avg",0.0285714285714286,"svm",99
"n_Avg",0.0142857142857143,"svm",99
"CS_Avg",0.0571428571428571,"svm",99
"Reg_a",0.0142857142857143,"svm",99
"Reg_s",0.114285714285714,"svm",99
"Batch",0.1,"crossmod",99
"ComBat",0.0285714285714286,"crossmod",99
"Avg",0.0285714285714286,"crossmod",99
"n_Avg",0.0142857142857143,"crossmod",99
"CS_Avg",0.0285714285714286,"crossmod",99
"Reg_a",0.0142857142857143,"crossmod",99
"Reg_s",0.171428571428571,"crossmod",99
"Batch",0.0571428571428571,"lasso",100
"ComBat",0.128571428571429,"lasso",100
"Avg",0.1,"lasso",100
"n_Avg",0.2,"lasso",100
"CS_Avg",0.128571428571429,"lasso",100
"Reg_a",0.114285714285714,"lasso",100
"Reg_s",0.228571428571429,"lasso",100
"Batch",0.142857142857143,"rf",100
"ComBat",0.0571428571428571,"rf",100
"Avg",0.0714285714285714,"rf",100
"n_Avg",0.0714285714285714,"rf",100
"CS_Avg",0.0571428571428571,"rf",100
"Reg_a",0.157142857142857,"rf",100
"Reg_s",0.314285714285714,"rf",100
"Batch",0.0857142857142857,"svm",100
"ComBat",0.0571428571428571,"svm",100
"Avg",0.0571428571428571,"svm",100
"n_Avg",0.0714285714285714,"svm",100
"CS_Avg",0.0285714285714286,"svm",100
"Reg_a",0.0714285714285714,"svm",100
"Reg_s",0.185714285714286,"svm",100
"Batch",0.142857142857143,"crossmod",100
"ComBat",0.0571428571428571,"crossmod",100
"Avg",0.0714285714285714,"crossmod",100
"n_Avg",0.142857142857143,"crossmod",100
"CS_Avg",0.1,"crossmod",100
"Reg_a",0.0714285714285714,"crossmod",100
"Reg_s",0.314285714285714,"crossmod",100
